date,organization,organization_id,org_type,category,quantity,unit,storage_condition,perishability_hours,urgency,is_event_day,day_of_week,month,is_weekend,is_simulated
2025-01-01,Grand Horizon Hotel,hist-sup-001,HOTEL,Cooked Meals,139.64,kg,REFRIGERATED,9.9,MEDIUM,True,Wednesday,1,False,True
2025-01-01,Bistro Verde Restaurant,hist-sup-002,RESTAURANT,Cooked Meals,13.66,kg,REFRIGERATED,8.0,LOW,True,Wednesday,1,False,True
2025-01-01,Metropolitan Event Center,hist-sup-003,EVENT_VENUE,Cooked Meals,140.62,kg,REFRIGERATED,10.4,HIGH,True,Wednesday,1,False,True
2025-01-01,Sunrise University Canteen,hist-sup-004,INSTITUTION,Cooked Meals,41.48,kg,REFRIGERATED,4.8,HIGH,True,Wednesday,1,False,True
2025-01-01,Harvest Organic Market,hist-sup-005,INSTITUTION,Bakery Items,35.44,kg,AMBIENT,35.4,MEDIUM,True,Wednesday,1,False,True
2025-01-01,The Riverside Hotel,hist-sup-006,HOTEL,Food Surplus,111.93,kg,AMBIENT,31.1,MEDIUM,True,Wednesday,1,False,True
2025-01-02,Grand Horizon Hotel,hist-sup-001,HOTEL,Cooked Meals,195.09,kg,REFRIGERATED,7.0,MEDIUM,True,Thursday,1,False,True
2025-01-02,Bistro Verde Restaurant,hist-sup-002,RESTAURANT,Cooked Meals,29.3,kg,REFRIGERATED,6.1,CRITICAL,True,Thursday,1,False,True
2025-01-02,Sunrise University Canteen,hist-sup-004,INSTITUTION,Cooked Meals,62.21,kg,REFRIGERATED,11.4,HIGH,True,Thursday,1,False,True
2025-01-02,Harvest Organic Market,hist-sup-005,INSTITUTION,Bakery Items,48.92,kg,AMBIENT,17.5,LOW,True,Thursday,1,False,True
2025-01-02,The Riverside Hotel,hist-sup-006,HOTEL,Bakery Items,11.76,kg,AMBIENT,17.1,MEDIUM,True,Thursday,1,False,True
2025-01-03,Grand Horizon Hotel,hist-sup-001,HOTEL,Food Surplus,51.46,kg,AMBIENT,37.8,MEDIUM,True,Friday,1,False,True
2025-01-03,Bistro Verde Restaurant,hist-sup-002,RESTAURANT,Bakery Items,44.95,kg,AMBIENT,24.2,LOW,True,Friday,1,False,True
2025-01-03,Metropolitan Event Center,hist-sup-003,EVENT_VENUE,Food Surplus,190.57,kg,AMBIENT,35.2,MEDIUM,True,Friday,1,False,True
2025-01-03,Sunrise University Canteen,hist-sup-004,INSTITUTION,Fresh Produce,130.2,kg,AMBIENT,58.6,MEDIUM,True,Friday,1,False,True
2025-01-03,Harvest Organic Market,hist-sup-005,INSTITUTION,Bakery Items,38.99,kg,AMBIENT,19.0,LOW,True,Friday,1,False,True
2025-01-03,The Riverside Hotel,hist-sup-006,HOTEL,Food Surplus,142.83,kg,AMBIENT,44.5,HIGH,True,Friday,1,False,True
2025-01-04,Grand Horizon Hotel,hist-sup-001,HOTEL,Cooked Meals,70.82,kg,REFRIGERATED,8.3,HIGH,True,Saturday,1,True,True
2025-01-04,Bistro Verde Restaurant,hist-sup-002,RESTAURANT,Cooked Meals,92.43,kg,REFRIGERATED,11.9,HIGH,True,Saturday,1,True,True
2025-01-04,Metropolitan Event Center,hist-sup-003,EVENT_VENUE,Food Surplus,742.12,kg,AMBIENT,11.4,MEDIUM,True,Saturday,1,True,True
2025-01-04,Sunrise University Canteen,hist-sup-004,INSTITUTION,Cooked Meals,37.1,kg,REFRIGERATED,11.0,MEDIUM,True,Saturday,1,True,True
2025-01-04,Harvest Organic Market,hist-sup-005,INSTITUTION,Fresh Produce,122.18,kg,AMBIENT,56.2,MEDIUM,True,Saturday,1,True,True
2025-01-04,The Riverside Hotel,hist-sup-006,HOTEL,Bakery Items,18.75,kg,AMBIENT,17.5,LOW,True,Saturday,1,True,True
2025-01-05,Grand Horizon Hotel,hist-sup-001,HOTEL,Cooked Meals,107.59,kg,REFRIGERATED,10.9,LOW,True,Sunday,1,True,True
2025-01-05,Bistro Verde Restaurant,hist-sup-002,RESTAURANT,Bakery Items,20.09,kg,AMBIENT,23.3,MEDIUM,True,Sunday,1,True,True
2025-01-05,Harvest Organic Market,hist-sup-005,INSTITUTION,Bakery Items,26.44,kg,AMBIENT,32.7,LOW,True,Sunday,1,True,True
2025-01-05,The Riverside Hotel,hist-sup-006,HOTEL,Food Surplus,43.05,kg,AMBIENT,17.9,LOW,True,Sunday,1,True,True
2025-01-06,Grand Horizon Hotel,hist-sup-001,HOTEL,Food Surplus,87.36,kg,AMBIENT,43.0,LOW,True,Monday,1,False,True
2025-01-06,Bistro Verde Restaurant,hist-sup-002,RESTAURANT,Cooked Meals,20.99,kg,REFRIGERATED,11.4,HIGH,True,Monday,1,False,True
2025-01-06,Metropolitan Event Center,hist-sup-003,EVENT_VENUE,Cooked Meals,177.01,kg,REFRIGERATED,11.2,MEDIUM,True,Monday,1,False,True
2025-01-06,Sunrise University Canteen,hist-sup-004,INSTITUTION,Fresh Produce,66.71,kg,AMBIENT,70.0,CRITICAL,True,Monday,1,False,True
2025-01-06,Harvest Organic Market,hist-sup-005,INSTITUTION,Bakery Items,13.38,kg,AMBIENT,35.2,MEDIUM,True,Monday,1,False,True
2025-01-06,The Riverside Hotel,hist-sup-006,HOTEL,Food Surplus,46.31,kg,AMBIENT,29.2,LOW,True,Monday,1,False,True
2025-01-07,Grand Horizon Hotel,hist-sup-001,HOTEL,Cooked Meals,32.0,kg,REFRIGERATED,10.9,MEDIUM,True,Tuesday,1,False,True
2025-01-07,Metropolitan Event Center,hist-sup-003,EVENT_VENUE,Food Surplus,290.79,kg,AMBIENT,45.4,LOW,True,Tuesday,1,False,True
2025-01-07,Sunrise University Canteen,hist-sup-004,INSTITUTION,Cooked Meals,37.43,kg,REFRIGERATED,9.2,MEDIUM,True,Tuesday,1,False,True
2025-01-07,Harvest Organic Market,hist-sup-005,INSTITUTION,Fresh Produce,26.1,kg,AMBIENT,49.8,MEDIUM,True,Tuesday,1,False,True
2025-01-07,The Riverside Hotel,hist-sup-006,HOTEL,Bakery Items,71.11,kg,AMBIENT,20.9,LOW,True,Tuesday,1,False,True
2025-01-08,Grand Horizon Hotel,hist-sup-001,HOTEL,Food Surplus,150.12,kg,AMBIENT,8.3,HIGH,False,Wednesday,1,False,True
2025-01-08,Bistro Verde Restaurant,hist-sup-002,RESTAURANT,Cooked Meals,68.45,kg,REFRIGERATED,5.1,MEDIUM,False,Wednesday,1,False,True
2025-01-08,Metropolitan Event Center,hist-sup-003,EVENT_VENUE,Food Surplus,71.19,kg,AMBIENT,16.1,MEDIUM,False,Wednesday,1,False,True
2025-01-08,Sunrise University Canteen,hist-sup-004,INSTITUTION,Fresh Produce,48.74,kg,AMBIENT,67.6,LOW,False,Wednesday,1,False,True
2025-01-08,Harvest Organic Market,hist-sup-005,INSTITUTION,Bakery Items,6.5,kg,AMBIENT,35.5,LOW,False,Wednesday,1,False,True
2025-01-08,The Riverside Hotel,hist-sup-006,HOTEL,Food Surplus,82.05,kg,AMBIENT,8.4,LOW,False,Wednesday,1,False,True
2025-01-09,Grand Horizon Hotel,hist-sup-001,HOTEL,Cooked Meals,97.58,kg,REFRIGERATED,5.2,MEDIUM,False,Thursday,1,False,True
2025-01-09,Bistro Verde Restaurant,hist-sup-002,RESTAURANT,Cooked Meals,55.62,kg,REFRIGERATED,5.7,HIGH,False,Thursday,1,False,True
2025-01-09,Metropolitan Event Center,hist-sup-003,EVENT_VENUE,Cooked Meals,179.59,kg,REFRIGERATED,5.9,MEDIUM,False,Thursday,1,False,True
2025-01-09,Sunrise University Canteen,hist-sup-004,INSTITUTION,Cooked Meals,59.67,kg,REFRIGERATED,4.2,HIGH,False,Thursday,1,False,True
2025-01-09,Harvest Organic Market,hist-sup-005,INSTITUTION,Bakery Items,40.39,kg,AMBIENT,18.4,MEDIUM,False,Thursday,1,False,True
2025-01-09,The Riverside Hotel,hist-sup-006,HOTEL,Cooked Meals,83.17,kg,REFRIGERATED,5.8,CRITICAL,False,Thursday,1,False,True
2025-01-10,Grand Horizon Hotel,hist-sup-001,HOTEL,Food Surplus,167.4,kg,AMBIENT,34.4,MEDIUM,False,Friday,1,False,True
2025-01-10,Bistro Verde Restaurant,hist-sup-002,RESTAURANT,Cooked Meals,65.96,kg,REFRIGERATED,6.2,HIGH,False,Friday,1,False,True
2025-01-10,Sunrise University Canteen,hist-sup-004,INSTITUTION,Fresh Produce,187.06,kg,AMBIENT,32.6,HIGH,False,Friday,1,False,True
2025-01-10,Harvest Organic Market,hist-sup-005,INSTITUTION,Fresh Produce,104.2,kg,AMBIENT,40.6,MEDIUM,False,Friday,1,False,True
2025-01-10,The Riverside Hotel,hist-sup-006,HOTEL,Food Surplus,40.04,kg,AMBIENT,9.8,MEDIUM,False,Friday,1,False,True
2025-01-11,Grand Horizon Hotel,hist-sup-001,HOTEL,Cooked Meals,86.18,kg,REFRIGERATED,4.6,HIGH,False,Saturday,1,True,True
2025-01-11,Bistro Verde Restaurant,hist-sup-002,RESTAURANT,Bakery Items,41.45,kg,AMBIENT,24.2,MEDIUM,False,Saturday,1,True,True
2025-01-11,Sunrise University Canteen,hist-sup-004,INSTITUTION,Cooked Meals,50.92,kg,REFRIGERATED,9.3,MEDIUM,False,Saturday,1,True,True
2025-01-11,Harvest Organic Market,hist-sup-005,INSTITUTION,Fresh Produce,87.32,kg,AMBIENT,24.0,LOW,False,Saturday,1,True,True
2025-01-11,The Riverside Hotel,hist-sup-006,HOTEL,Food Surplus,140.85,kg,AMBIENT,20.9,MEDIUM,False,Saturday,1,True,True
2025-01-12,Grand Horizon Hotel,hist-sup-001,HOTEL,Food Surplus,225.25,kg,AMBIENT,34.4,LOW,False,Sunday,1,True,True
2025-01-12,Bistro Verde Restaurant,hist-sup-002,RESTAURANT,Bakery Items,9.28,kg,AMBIENT,34.8,LOW,False,Sunday,1,True,True
2025-01-12,Harvest Organic Market,hist-sup-005,INSTITUTION,Fresh Produce,36.03,kg,AMBIENT,27.5,MEDIUM,False,Sunday,1,True,True
2025-01-12,The Riverside Hotel,hist-sup-006,HOTEL,Cooked Meals,131.91,kg,REFRIGERATED,7.1,MEDIUM,False,Sunday,1,True,True
2025-01-13,Grand Horizon Hotel,hist-sup-001,HOTEL,Cooked Meals,160.01,kg,REFRIGERATED,10.2,MEDIUM,False,Monday,1,False,True
2025-01-13,Bistro Verde Restaurant,hist-sup-002,RESTAURANT,Bakery Items,4.72,kg,AMBIENT,18.0,HIGH,False,Monday,1,False,True
2025-01-13,Sunrise University Canteen,hist-sup-004,INSTITUTION,Fresh Produce,168.81,kg,AMBIENT,58.5,MEDIUM,False,Monday,1,False,True
2025-01-13,Harvest Organic Market,hist-sup-005,INSTITUTION,Bakery Items,32.77,kg,AMBIENT,29.8,MEDIUM,False,Monday,1,False,True
2025-01-13,The Riverside Hotel,hist-sup-006,HOTEL,Cooked Meals,98.27,kg,REFRIGERATED,7.9,MEDIUM,False,Monday,1,False,True
2025-01-14,Grand Horizon Hotel,hist-sup-001,HOTEL,Food Surplus,80.75,kg,AMBIENT,21.4,HIGH,False,Tuesday,1,False,True
2025-01-14,Bistro Verde Restaurant,hist-sup-002,RESTAURANT,Cooked Meals,22.14,kg,REFRIGERATED,4.5,HIGH,False,Tuesday,1,False,True
2025-01-14,Sunrise University Canteen,hist-sup-004,INSTITUTION,Cooked Meals,67.36,kg,REFRIGERATED,7.1,HIGH,False,Tuesday,1,False,True
2025-01-14,Harvest Organic Market,hist-sup-005,INSTITUTION,Fresh Produce,110.94,kg,AMBIENT,24.3,MEDIUM,False,Tuesday,1,False,True
2025-01-14,The Riverside Hotel,hist-sup-006,HOTEL,Bakery Items,30.43,kg,AMBIENT,29.6,MEDIUM,False,Tuesday,1,False,True
2025-01-15,Grand Horizon Hotel,hist-sup-001,HOTEL,Food Surplus,59.84,kg,AMBIENT,21.4,MEDIUM,False,Wednesday,1,False,True
2025-01-15,Bistro Verde Restaurant,hist-sup-002,RESTAURANT,Cooked Meals,64.23,kg,REFRIGERATED,11.4,CRITICAL,False,Wednesday,1,False,True
2025-01-15,Sunrise University Canteen,hist-sup-004,INSTITUTION,Cooked Meals,14.63,kg,REFRIGERATED,5.5,HIGH,False,Wednesday,1,False,True
2025-01-15,Harvest Organic Market,hist-sup-005,INSTITUTION,Bakery Items,19.24,kg,AMBIENT,30.3,MEDIUM,False,Wednesday,1,False,True
2025-01-15,The Riverside Hotel,hist-sup-006,HOTEL,Bakery Items,21.21,kg,AMBIENT,24.9,CRITICAL,False,Wednesday,1,False,True
2025-01-16,Grand Horizon Hotel,hist-sup-001,HOTEL,Cooked Meals,120.76,kg,REFRIGERATED,9.2,HIGH,False,Thursday,1,False,True
2025-01-16,Sunrise University Canteen,hist-sup-004,INSTITUTION,Cooked Meals,31.31,kg,REFRIGERATED,11.6,MEDIUM,False,Thursday,1,False,True
2025-01-16,Harvest Organic Market,hist-sup-005,INSTITUTION,Bakery Items,11.39,kg,AMBIENT,26.6,MEDIUM,False,Thursday,1,False,True
2025-01-16,The Riverside Hotel,hist-sup-006,HOTEL,Cooked Meals,118.99,kg,REFRIGERATED,6.5,HIGH,False,Thursday,1,False,True
2025-01-17,Grand Horizon Hotel,hist-sup-001,HOTEL,Food Surplus,178.6,kg,AMBIENT,15.9,HIGH,False,Friday,1,False,True
2025-01-17,Bistro Verde Restaurant,hist-sup-002,RESTAURANT,Cooked Meals,16.41,kg,REFRIGERATED,8.8,MEDIUM,False,Friday,1,False,True
2025-01-17,Sunrise University Canteen,hist-sup-004,INSTITUTION,Fresh Produce,65.87,kg,AMBIENT,55.8,LOW,False,Friday,1,False,True
2025-01-17,Harvest Organic Market,hist-sup-005,INSTITUTION,Fresh Produce,112.01,kg,AMBIENT,70.1,MEDIUM,False,Friday,1,False,True
2025-01-17,The Riverside Hotel,hist-sup-006,HOTEL,Food Surplus,39.2,kg,AMBIENT,15.0,MEDIUM,False,Friday,1,False,True
2025-01-18,Grand Horizon Hotel,hist-sup-001,HOTEL,Food Surplus,131.45,kg,AMBIENT,20.9,LOW,False,Saturday,1,True,True
2025-01-18,Sunrise University Canteen,hist-sup-004,INSTITUTION,Fresh Produce,87.99,kg,AMBIENT,56.1,MEDIUM,False,Saturday,1,True,True
2025-01-18,Harvest Organic Market,hist-sup-005,INSTITUTION,Bakery Items,16.26,kg,AMBIENT,20.2,HIGH,False,Saturday,1,True,True
2025-01-18,The Riverside Hotel,hist-sup-006,HOTEL,Bakery Items,59.91,kg,AMBIENT,24.4,LOW,False,Saturday,1,True,True
2025-01-19,Grand Horizon Hotel,hist-sup-001,HOTEL,Food Surplus,126.29,kg,AMBIENT,33.8,MEDIUM,False,Sunday,1,True,True
2025-01-19,Bistro Verde Restaurant,hist-sup-002,RESTAURANT,Cooked Meals,30.37,kg,REFRIGERATED,7.2,MEDIUM,False,Sunday,1,True,True
2025-01-19,The Riverside Hotel,hist-sup-006,HOTEL,Food Surplus,99.92,kg,AMBIENT,20.3,LOW,False,Sunday,1,True,True
2025-01-20,Grand Horizon Hotel,hist-sup-001,HOTEL,Food Surplus,52.43,kg,AMBIENT,29.4,MEDIUM,False,Monday,1,False,True
2025-01-20,Bistro Verde Restaurant,hist-sup-002,RESTAURANT,Cooked Meals,54.88,kg,REFRIGERATED,10.1,HIGH,False,Monday,1,False,True
2025-01-20,Sunrise University Canteen,hist-sup-004,INSTITUTION,Fresh Produce,64.75,kg,AMBIENT,32.6,LOW,False,Monday,1,False,True
2025-01-20,Harvest Organic Market,hist-sup-005,INSTITUTION,Bakery Items,7.63,kg,AMBIENT,34.7,MEDIUM,False,Monday,1,False,True
2025-01-20,The Riverside Hotel,hist-sup-006,HOTEL,Cooked Meals,110.73,kg,REFRIGERATED,8.6,MEDIUM,False,Monday,1,False,True
2025-01-21,Grand Horizon Hotel,hist-sup-001,HOTEL,Cooked Meals,142.09,kg,REFRIGERATED,4.9,MEDIUM,False,Tuesday,1,False,True
2025-01-21,Bistro Verde Restaurant,hist-sup-002,RESTAURANT,Cooked Meals,24.63,kg,REFRIGERATED,10.5,CRITICAL,False,Tuesday,1,False,True
2025-01-21,Metropolitan Event Center,hist-sup-003,EVENT_VENUE,Food Surplus,58.73,kg,AMBIENT,39.6,LOW,False,Tuesday,1,False,True
2025-01-21,Sunrise University Canteen,hist-sup-004,INSTITUTION,Fresh Produce,111.62,kg,AMBIENT,38.3,MEDIUM,False,Tuesday,1,False,True
2025-01-21,Harvest Organic Market,hist-sup-005,INSTITUTION,Fresh Produce,81.9,kg,AMBIENT,34.0,LOW,False,Tuesday,1,False,True
2025-01-21,The Riverside Hotel,hist-sup-006,HOTEL,Cooked Meals,25.49,kg,REFRIGERATED,8.4,MEDIUM,False,Tuesday,1,False,True
2025-01-22,Grand Horizon Hotel,hist-sup-001,HOTEL,Food Surplus,75.15,kg,AMBIENT,36.1,MEDIUM,False,Wednesday,1,False,True
2025-01-22,Bistro Verde Restaurant,hist-sup-002,RESTAURANT,Bakery Items,36.96,kg,AMBIENT,27.0,MEDIUM,False,Wednesday,1,False,True
2025-01-22,Sunrise University Canteen,hist-sup-004,INSTITUTION,Cooked Meals,86.49,kg,REFRIGERATED,4.6,MEDIUM,False,Wednesday,1,False,True
2025-01-22,Harvest Organic Market,hist-sup-005,INSTITUTION,Bakery Items,17.86,kg,AMBIENT,23.2,MEDIUM,False,Wednesday,1,False,True
2025-01-22,The Riverside Hotel,hist-sup-006,HOTEL,Bakery Items,31.6,kg,AMBIENT,13.0,MEDIUM,False,Wednesday,1,False,True
2025-01-23,Grand Horizon Hotel,hist-sup-001,HOTEL,Food Surplus,31.72,kg,AMBIENT,17.2,MEDIUM,False,Thursday,1,False,True
2025-01-23,Bistro Verde Restaurant,hist-sup-002,RESTAURANT,Cooked Meals,69.47,kg,REFRIGERATED,4.3,HIGH,False,Thursday,1,False,True
2025-01-23,Sunrise University Canteen,hist-sup-004,INSTITUTION,Fresh Produce,43.19,kg,AMBIENT,52.1,MEDIUM,False,Thursday,1,False,True
2025-01-23,Harvest Organic Market,hist-sup-005,INSTITUTION,Fresh Produce,61.67,kg,AMBIENT,29.0,LOW,False,Thursday,1,False,True
2025-01-23,The Riverside Hotel,hist-sup-006,HOTEL,Bakery Items,24.18,kg,AMBIENT,34.7,HIGH,False,Thursday,1,False,True
2025-01-24,Grand Horizon Hotel,hist-sup-001,HOTEL,Food Surplus,41.33,kg,AMBIENT,38.9,HIGH,False,Friday,1,False,True
2025-01-24,Bistro Verde Restaurant,hist-sup-002,RESTAURANT,Cooked Meals,55.39,kg,REFRIGERATED,8.3,MEDIUM,False,Friday,1,False,True
2025-01-24,Sunrise University Canteen,hist-sup-004,INSTITUTION,Fresh Produce,105.08,kg,AMBIENT,50.4,HIGH,False,Friday,1,False,True
2025-01-24,Harvest Organic Market,hist-sup-005,INSTITUTION,Bakery Items,8.61,kg,AMBIENT,35.4,MEDIUM,False,Friday,1,False,True
2025-01-24,The Riverside Hotel,hist-sup-006,HOTEL,Cooked Meals,54.73,kg,REFRIGERATED,5.8,CRITICAL,False,Friday,1,False,True
2025-01-25,Grand Horizon Hotel,hist-sup-001,HOTEL,Cooked Meals,144.43,kg,REFRIGERATED,5.2,CRITICAL,False,Saturday,1,True,True
2025-01-25,Bistro Verde Restaurant,hist-sup-002,RESTAURANT,Bakery Items,19.43,kg,AMBIENT,23.0,LOW,False,Saturday,1,True,True
2025-01-25,Sunrise University Canteen,hist-sup-004,INSTITUTION,Cooked Meals,127.15,kg,REFRIGERATED,6.2,HIGH,False,Saturday,1,True,True
2025-01-25,Harvest Organic Market,hist-sup-005,INSTITUTION,Bakery Items,44.2,kg,AMBIENT,26.1,CRITICAL,False,Saturday,1,True,True
2025-01-25,The Riverside Hotel,hist-sup-006,HOTEL,Cooked Meals,97.03,kg,REFRIGERATED,7.9,MEDIUM,False,Saturday,1,True,True
2025-01-26,Grand Horizon Hotel,hist-sup-001,HOTEL,Food Surplus,113.57,kg,AMBIENT,35.9,MEDIUM,False,Sunday,1,True,True
2025-01-26,Bistro Verde Restaurant,hist-sup-002,RESTAURANT,Bakery Items,8.49,kg,AMBIENT,29.9,MEDIUM,False,Sunday,1,True,True
2025-01-26,The Riverside Hotel,hist-sup-006,HOTEL,Cooked Meals,109.62,kg,REFRIGERATED,8.7,HIGH,False,Sunday,1,True,True
2025-01-27,Grand Horizon Hotel,hist-sup-001,HOTEL,Food Surplus,44.96,kg,AMBIENT,44.4,LOW,False,Monday,1,False,True
2025-01-27,Bistro Verde Restaurant,hist-sup-002,RESTAURANT,Cooked Meals,14.34,kg,REFRIGERATED,9.0,MEDIUM,False,Monday,1,False,True
2025-01-27,Metropolitan Event Center,hist-sup-003,EVENT_VENUE,Cooked Meals,141.74,kg,REFRIGERATED,10.9,MEDIUM,False,Monday,1,False,True
2025-01-27,Sunrise University Canteen,hist-sup-004,INSTITUTION,Fresh Produce,143.12,kg,AMBIENT,54.3,HIGH,False,Monday,1,False,True
2025-01-27,Harvest Organic Market,hist-sup-005,INSTITUTION,Fresh Produce,66.44,kg,AMBIENT,28.7,MEDIUM,False,Monday,1,False,True
2025-01-27,The Riverside Hotel,hist-sup-006,HOTEL,Bakery Items,16.0,kg,AMBIENT,19.8,LOW,False,Monday,1,False,True
2025-01-28,Grand Horizon Hotel,hist-sup-001,HOTEL,Food Surplus,52.11,kg,AMBIENT,29.2,MEDIUM,False,Tuesday,1,False,True
2025-01-28,Bistro Verde Restaurant,hist-sup-002,RESTAURANT,Cooked Meals,18.14,kg,REFRIGERATED,9.5,MEDIUM,False,Tuesday,1,False,True
2025-01-28,Sunrise University Canteen,hist-sup-004,INSTITUTION,Fresh Produce,75.63,kg,AMBIENT,56.0,HIGH,False,Tuesday,1,False,True
2025-01-28,Harvest Organic Market,hist-sup-005,INSTITUTION,Bakery Items,32.35,kg,AMBIENT,20.3,MEDIUM,False,Tuesday,1,False,True
2025-01-28,The Riverside Hotel,hist-sup-006,HOTEL,Bakery Items,49.51,kg,AMBIENT,23.0,MEDIUM,False,Tuesday,1,False,True
2025-01-29,Grand Horizon Hotel,hist-sup-001,HOTEL,Food Surplus,39.68,kg,AMBIENT,19.8,MEDIUM,False,Wednesday,1,False,True
2025-01-29,Bistro Verde Restaurant,hist-sup-002,RESTAURANT,Bakery Items,14.73,kg,AMBIENT,25.6,MEDIUM,False,Wednesday,1,False,True
2025-01-29,Sunrise University Canteen,hist-sup-004,INSTITUTION,Fresh Produce,158.43,kg,AMBIENT,35.0,HIGH,False,Wednesday,1,False,True
2025-01-29,Harvest Organic Market,hist-sup-005,INSTITUTION,Fresh Produce,72.34,kg,AMBIENT,56.5,MEDIUM,False,Wednesday,1,False,True
2025-01-29,The Riverside Hotel,hist-sup-006,HOTEL,Cooked Meals,95.03,kg,REFRIGERATED,6.5,MEDIUM,False,Wednesday,1,False,True
2025-01-30,Grand Horizon Hotel,hist-sup-001,HOTEL,Cooked Meals,26.31,kg,REFRIGERATED,6.4,HIGH,False,Thursday,1,False,True
2025-01-30,Bistro Verde Restaurant,hist-sup-002,RESTAURANT,Cooked Meals,65.97,kg,REFRIGERATED,8.0,MEDIUM,False,Thursday,1,False,True
2025-01-30,Sunrise University Canteen,hist-sup-004,INSTITUTION,Fresh Produce,132.86,kg,AMBIENT,38.2,HIGH,False,Thursday,1,False,True
2025-01-30,Harvest Organic Market,hist-sup-005,INSTITUTION,Bakery Items,49.98,kg,AMBIENT,32.6,MEDIUM,False,Thursday,1,False,True
2025-01-30,The Riverside Hotel,hist-sup-006,HOTEL,Food Surplus,89.74,kg,AMBIENT,39.6,LOW,False,Thursday,1,False,True
2025-01-31,Grand Horizon Hotel,hist-sup-001,HOTEL,Food Surplus,85.18,kg,AMBIENT,23.2,MEDIUM,False,Friday,1,False,True
2025-01-31,Bistro Verde Restaurant,hist-sup-002,RESTAURANT,Cooked Meals,34.94,kg,REFRIGERATED,9.0,CRITICAL,False,Friday,1,False,True
2025-01-31,Sunrise University Canteen,hist-sup-004,INSTITUTION,Cooked Meals,53.25,kg,REFRIGERATED,9.2,MEDIUM,False,Friday,1,False,True
2025-01-31,Harvest Organic Market,hist-sup-005,INSTITUTION,Fresh Produce,54.91,kg,AMBIENT,47.6,LOW,False,Friday,1,False,True
2025-01-31,The Riverside Hotel,hist-sup-006,HOTEL,Cooked Meals,41.58,kg,REFRIGERATED,9.6,MEDIUM,False,Friday,1,False,True
2025-02-01,Grand Horizon Hotel,hist-sup-001,HOTEL,Cooked Meals,230.55,kg,REFRIGERATED,9.2,HIGH,False,Saturday,2,True,True
2025-02-01,Bistro Verde Restaurant,hist-sup-002,RESTAURANT,Bakery Items,6.42,kg,AMBIENT,34.8,HIGH,False,Saturday,2,True,True
2025-02-01,Metropolitan Event Center,hist-sup-003,EVENT_VENUE,Cooked Meals,170.18,kg,REFRIGERATED,11.8,MEDIUM,False,Saturday,2,True,True
2025-02-01,Sunrise University Canteen,hist-sup-004,INSTITUTION,Cooked Meals,171.26,kg,REFRIGERATED,4.7,MEDIUM,False,Saturday,2,True,True
2025-02-01,Harvest Organic Market,hist-sup-005,INSTITUTION,Fresh Produce,25.56,kg,AMBIENT,40.0,CRITICAL,False,Saturday,2,True,True
2025-02-01,The Riverside Hotel,hist-sup-006,HOTEL,Cooked Meals,30.74,kg,REFRIGERATED,5.7,CRITICAL,False,Saturday,2,True,True
2025-02-02,Grand Horizon Hotel,hist-sup-001,HOTEL,Cooked Meals,148.24,kg,REFRIGERATED,8.8,MEDIUM,False,Sunday,2,True,True
2025-02-02,The Riverside Hotel,hist-sup-006,HOTEL,Cooked Meals,32.96,kg,REFRIGERATED,8.7,LOW,False,Sunday,2,True,True
2025-02-03,Grand Horizon Hotel,hist-sup-001,HOTEL,Cooked Meals,134.95,kg,REFRIGERATED,8.2,HIGH,False,Monday,2,False,True
2025-02-03,Bistro Verde Restaurant,hist-sup-002,RESTAURANT,Bakery Items,23.61,kg,AMBIENT,34.7,LOW,False,Monday,2,False,True
2025-02-03,Sunrise University Canteen,hist-sup-004,INSTITUTION,Fresh Produce,90.98,kg,AMBIENT,70.3,LOW,False,Monday,2,False,True
2025-02-03,Harvest Organic Market,hist-sup-005,INSTITUTION,Bakery Items,23.99,kg,AMBIENT,22.6,HIGH,False,Monday,2,False,True
2025-02-03,The Riverside Hotel,hist-sup-006,HOTEL,Cooked Meals,24.63,kg,REFRIGERATED,6.2,HIGH,False,Monday,2,False,True
2025-02-04,Grand Horizon Hotel,hist-sup-001,HOTEL,Food Surplus,76.86,kg,AMBIENT,28.2,MEDIUM,False,Tuesday,2,False,True
2025-02-04,Bistro Verde Restaurant,hist-sup-002,RESTAURANT,Cooked Meals,58.46,kg,REFRIGERATED,9.2,HIGH,False,Tuesday,2,False,True
2025-02-04,Sunrise University Canteen,hist-sup-004,INSTITUTION,Fresh Produce,102.65,kg,AMBIENT,43.1,MEDIUM,False,Tuesday,2,False,True
2025-02-04,Harvest Organic Market,hist-sup-005,INSTITUTION,Bakery Items,32.92,kg,AMBIENT,21.0,LOW,False,Tuesday,2,False,True
2025-02-04,The Riverside Hotel,hist-sup-006,HOTEL,Cooked Meals,27.37,kg,REFRIGERATED,10.0,MEDIUM,False,Tuesday,2,False,True
2025-02-05,Grand Horizon Hotel,hist-sup-001,HOTEL,Cooked Meals,99.82,kg,REFRIGERATED,8.5,MEDIUM,False,Wednesday,2,False,True
2025-02-05,Bistro Verde Restaurant,hist-sup-002,RESTAURANT,Bakery Items,36.87,kg,AMBIENT,34.0,LOW,False,Wednesday,2,False,True
2025-02-05,Sunrise University Canteen,hist-sup-004,INSTITUTION,Cooked Meals,59.14,kg,REFRIGERATED,5.7,HIGH,False,Wednesday,2,False,True
2025-02-05,Harvest Organic Market,hist-sup-005,INSTITUTION,Fresh Produce,52.05,kg,AMBIENT,37.4,LOW,False,Wednesday,2,False,True
2025-02-05,The Riverside Hotel,hist-sup-006,HOTEL,Food Surplus,140.02,kg,AMBIENT,40.7,MEDIUM,False,Wednesday,2,False,True
2025-02-06,Grand Horizon Hotel,hist-sup-001,HOTEL,Cooked Meals,83.13,kg,REFRIGERATED,4.2,HIGH,False,Thursday,2,False,True
2025-02-06,Bistro Verde Restaurant,hist-sup-002,RESTAURANT,Bakery Items,12.61,kg,AMBIENT,16.4,LOW,False,Thursday,2,False,True
2025-02-06,Sunrise University Canteen,hist-sup-004,INSTITUTION,Cooked Meals,17.49,kg,REFRIGERATED,7.6,MEDIUM,False,Thursday,2,False,True
2025-02-06,Harvest Organic Market,hist-sup-005,INSTITUTION,Bakery Items,31.83,kg,AMBIENT,25.6,LOW,False,Thursday,2,False,True
2025-02-06,The Riverside Hotel,hist-sup-006,HOTEL,Cooked Meals,97.69,kg,REFRIGERATED,7.5,MEDIUM,False,Thursday,2,False,True
2025-02-07,Grand Horizon Hotel,hist-sup-001,HOTEL,Food Surplus,70.41,kg,AMBIENT,38.2,LOW,False,Friday,2,False,True
2025-02-07,Bistro Verde Restaurant,hist-sup-002,RESTAURANT,Bakery Items,22.0,kg,AMBIENT,19.4,LOW,False,Friday,2,False,True
2025-02-07,Sunrise University Canteen,hist-sup-004,INSTITUTION,Cooked Meals,34.73,kg,REFRIGERATED,5.7,MEDIUM,False,Friday,2,False,True
2025-02-07,Harvest Organic Market,hist-sup-005,INSTITUTION,Bakery Items,7.87,kg,AMBIENT,15.1,MEDIUM,False,Friday,2,False,True
2025-02-07,The Riverside Hotel,hist-sup-006,HOTEL,Food Surplus,126.41,kg,AMBIENT,40.2,LOW,False,Friday,2,False,True
2025-02-08,Grand Horizon Hotel,hist-sup-001,HOTEL,Cooked Meals,96.6,kg,REFRIGERATED,6.5,MEDIUM,False,Saturday,2,True,True
2025-02-08,Bistro Verde Restaurant,hist-sup-002,RESTAURANT,Bakery Items,18.05,kg,AMBIENT,21.7,HIGH,False,Saturday,2,True,True
2025-02-08,Sunrise University Canteen,hist-sup-004,INSTITUTION,Fresh Produce,149.06,kg,AMBIENT,64.5,LOW,False,Saturday,2,True,True
2025-02-08,Harvest Organic Market,hist-sup-005,INSTITUTION,Fresh Produce,64.57,kg,AMBIENT,38.9,MEDIUM,False,Saturday,2,True,True
2025-02-08,The Riverside Hotel,hist-sup-006,HOTEL,Cooked Meals,27.66,kg,REFRIGERATED,5.6,CRITICAL,False,Saturday,2,True,True
2025-02-09,Grand Horizon Hotel,hist-sup-001,HOTEL,Cooked Meals,57.97,kg,REFRIGERATED,5.2,MEDIUM,False,Sunday,2,True,True
2025-02-09,Bistro Verde Restaurant,hist-sup-002,RESTAURANT,Cooked Meals,29.06,kg,REFRIGERATED,10.0,HIGH,False,Sunday,2,True,True
2025-02-09,The Riverside Hotel,hist-sup-006,HOTEL,Food Surplus,61.89,kg,AMBIENT,46.8,MEDIUM,False,Sunday,2,True,True
2025-02-10,Grand Horizon Hotel,hist-sup-001,HOTEL,Food Surplus,91.35,kg,AMBIENT,10.2,MEDIUM,False,Monday,2,False,True
2025-02-10,Bistro Verde Restaurant,hist-sup-002,RESTAURANT,Bakery Items,6.36,kg,AMBIENT,20.8,LOW,False,Monday,2,False,True
2025-02-10,Sunrise University Canteen,hist-sup-004,INSTITUTION,Cooked Meals,54.92,kg,REFRIGERATED,8.4,HIGH,False,Monday,2,False,True
2025-02-10,Harvest Organic Market,hist-sup-005,INSTITUTION,Bakery Items,37.16,kg,AMBIENT,25.7,LOW,False,Monday,2,False,True
2025-02-10,The Riverside Hotel,hist-sup-006,HOTEL,Food Surplus,43.52,kg,AMBIENT,44.0,MEDIUM,False,Monday,2,False,True
2025-02-11,Grand Horizon Hotel,hist-sup-001,HOTEL,Cooked Meals,23.64,kg,REFRIGERATED,9.7,CRITICAL,False,Tuesday,2,False,True
2025-02-11,Bistro Verde Restaurant,hist-sup-002,RESTAURANT,Cooked Meals,36.21,kg,REFRIGERATED,10.2,HIGH,False,Tuesday,2,False,True
2025-02-11,Metropolitan Event Center,hist-sup-003,EVENT_VENUE,Cooked Meals,30.61,kg,REFRIGERATED,4.8,HIGH,False,Tuesday,2,False,True
2025-02-11,Sunrise University Canteen,hist-sup-004,INSTITUTION,Cooked Meals,38.45,kg,REFRIGERATED,6.8,CRITICAL,False,Tuesday,2,False,True
2025-02-11,Harvest Organic Market,hist-sup-005,INSTITUTION,Bakery Items,9.28,kg,AMBIENT,29.0,LOW,False,Tuesday,2,False,True
2025-02-11,The Riverside Hotel,hist-sup-006,HOTEL,Food Surplus,131.32,kg,AMBIENT,41.2,MEDIUM,False,Tuesday,2,False,True
2025-02-12,Grand Horizon Hotel,hist-sup-001,HOTEL,Cooked Meals,79.26,kg,REFRIGERATED,7.4,MEDIUM,False,Wednesday,2,False,True
2025-02-12,Bistro Verde Restaurant,hist-sup-002,RESTAURANT,Cooked Meals,59.58,kg,REFRIGERATED,5.5,CRITICAL,False,Wednesday,2,False,True
2025-02-12,Sunrise University Canteen,hist-sup-004,INSTITUTION,Cooked Meals,68.73,kg,REFRIGERATED,8.3,HIGH,False,Wednesday,2,False,True
2025-02-12,Harvest Organic Market,hist-sup-005,INSTITUTION,Bakery Items,30.87,kg,AMBIENT,15.7,MEDIUM,False,Wednesday,2,False,True
2025-02-12,The Riverside Hotel,hist-sup-006,HOTEL,Food Surplus,106.23,kg,AMBIENT,14.6,MEDIUM,False,Wednesday,2,False,True
2025-02-13,Grand Horizon Hotel,hist-sup-001,HOTEL,Cooked Meals,113.68,kg,REFRIGERATED,10.3,MEDIUM,False,Thursday,2,False,True
2025-02-13,Bistro Verde Restaurant,hist-sup-002,RESTAURANT,Bakery Items,27.8,kg,AMBIENT,16.7,MEDIUM,False,Thursday,2,False,True
2025-02-13,Sunrise University Canteen,hist-sup-004,INSTITUTION,Fresh Produce,102.58,kg,AMBIENT,31.8,LOW,False,Thursday,2,False,True
2025-02-13,Harvest Organic Market,hist-sup-005,INSTITUTION,Bakery Items,6.92,kg,AMBIENT,23.5,MEDIUM,False,Thursday,2,False,True
2025-02-13,The Riverside Hotel,hist-sup-006,HOTEL,Food Surplus,136.96,kg,AMBIENT,38.5,LOW,False,Thursday,2,False,True
2025-02-14,Grand Horizon Hotel,hist-sup-001,HOTEL,Cooked Meals,111.06,kg,REFRIGERATED,4.7,CRITICAL,False,Friday,2,False,True
2025-02-14,Bistro Verde Restaurant,hist-sup-002,RESTAURANT,Bakery Items,29.55,kg,AMBIENT,21.0,MEDIUM,False,Friday,2,False,True
2025-02-14,Metropolitan Event Center,hist-sup-003,EVENT_VENUE,Food Surplus,42.33,kg,AMBIENT,45.2,HIGH,False,Friday,2,False,True
2025-02-14,Sunrise University Canteen,hist-sup-004,INSTITUTION,Cooked Meals,22.82,kg,REFRIGERATED,9.6,MEDIUM,False,Friday,2,False,True
2025-02-14,Harvest Organic Market,hist-sup-005,INSTITUTION,Bakery Items,34.4,kg,AMBIENT,33.7,LOW,False,Friday,2,False,True
2025-02-14,The Riverside Hotel,hist-sup-006,HOTEL,Cooked Meals,69.25,kg,REFRIGERATED,4.9,HIGH,False,Friday,2,False,True
2025-02-15,Grand Horizon Hotel,hist-sup-001,HOTEL,Cooked Meals,55.27,kg,REFRIGERATED,9.1,HIGH,False,Saturday,2,True,True
2025-02-15,Bistro Verde Restaurant,hist-sup-002,RESTAURANT,Bakery Items,35.88,kg,AMBIENT,17.8,LOW,False,Saturday,2,True,True
2025-02-15,Sunrise University Canteen,hist-sup-004,INSTITUTION,Cooked Meals,88.53,kg,REFRIGERATED,5.5,HIGH,False,Saturday,2,True,True
2025-02-15,Harvest Organic Market,hist-sup-005,INSTITUTION,Bakery Items,8.03,kg,AMBIENT,35.7,MEDIUM,False,Saturday,2,True,True
2025-02-15,The Riverside Hotel,hist-sup-006,HOTEL,Bakery Items,12.09,kg,AMBIENT,21.3,MEDIUM,False,Saturday,2,True,True
2025-02-16,Grand Horizon Hotel,hist-sup-001,HOTEL,Food Surplus,153.61,kg,AMBIENT,33.1,MEDIUM,False,Sunday,2,True,True
2025-02-16,Bistro Verde Restaurant,hist-sup-002,RESTAURANT,Bakery Items,13.66,kg,AMBIENT,20.5,MEDIUM,False,Sunday,2,True,True
2025-02-16,The Riverside Hotel,hist-sup-006,HOTEL,Bakery Items,52.83,kg,AMBIENT,30.6,MEDIUM,False,Sunday,2,True,True
2025-02-17,Grand Horizon Hotel,hist-sup-001,HOTEL,Cooked Meals,112.26,kg,REFRIGERATED,11.1,MEDIUM,False,Monday,2,False,True
2025-02-17,Bistro Verde Restaurant,hist-sup-002,RESTAURANT,Bakery Items,31.86,kg,AMBIENT,30.1,LOW,False,Monday,2,False,True
2025-02-17,Sunrise University Canteen,hist-sup-004,INSTITUTION,Fresh Produce,57.01,kg,AMBIENT,62.4,MEDIUM,False,Monday,2,False,True
2025-02-17,Harvest Organic Market,hist-sup-005,INSTITUTION,Bakery Items,25.62,kg,AMBIENT,23.9,MEDIUM,False,Monday,2,False,True
2025-02-17,The Riverside Hotel,hist-sup-006,HOTEL,Food Surplus,69.97,kg,AMBIENT,11.3,MEDIUM,False,Monday,2,False,True
2025-02-18,Grand Horizon Hotel,hist-sup-001,HOTEL,Cooked Meals,84.8,kg,REFRIGERATED,9.3,MEDIUM,False,Tuesday,2,False,True
2025-02-18,Bistro Verde Restaurant,hist-sup-002,RESTAURANT,Bakery Items,10.33,kg,AMBIENT,22.7,MEDIUM,False,Tuesday,2,False,True
2025-02-18,Sunrise University Canteen,hist-sup-004,INSTITUTION,Fresh Produce,80.32,kg,AMBIENT,27.6,MEDIUM,False,Tuesday,2,False,True
2025-02-18,Harvest Organic Market,hist-sup-005,INSTITUTION,Fresh Produce,111.88,kg,AMBIENT,30.9,MEDIUM,False,Tuesday,2,False,True
2025-02-18,The Riverside Hotel,hist-sup-006,HOTEL,Cooked Meals,28.19,kg,REFRIGERATED,6.9,CRITICAL,False,Tuesday,2,False,True
2025-02-19,Grand Horizon Hotel,hist-sup-001,HOTEL,Cooked Meals,126.39,kg,REFRIGERATED,11.6,MEDIUM,False,Wednesday,2,False,True
2025-02-19,Bistro Verde Restaurant,hist-sup-002,RESTAURANT,Cooked Meals,35.13,kg,REFRIGERATED,6.0,MEDIUM,False,Wednesday,2,False,True
2025-02-19,Sunrise University Canteen,hist-sup-004,INSTITUTION,Fresh Produce,156.37,kg,AMBIENT,29.7,MEDIUM,False,Wednesday,2,False,True
2025-02-19,Harvest Organic Market,hist-sup-005,INSTITUTION,Fresh Produce,112.65,kg,AMBIENT,47.6,LOW,False,Wednesday,2,False,True
2025-02-19,The Riverside Hotel,hist-sup-006,HOTEL,Bakery Items,21.51,kg,AMBIENT,29.1,CRITICAL,False,Wednesday,2,False,True
2025-02-20,Grand Horizon Hotel,hist-sup-001,HOTEL,Food Surplus,123.56,kg,AMBIENT,19.6,LOW,False,Thursday,2,False,True
2025-02-20,Bistro Verde Restaurant,hist-sup-002,RESTAURANT,Cooked Meals,48.39,kg,REFRIGERATED,8.1,MEDIUM,False,Thursday,2,False,True
2025-02-20,Sunrise University Canteen,hist-sup-004,INSTITUTION,Fresh Produce,24.31,kg,AMBIENT,62.6,MEDIUM,False,Thursday,2,False,True
2025-02-20,Harvest Organic Market,hist-sup-005,INSTITUTION,Fresh Produce,25.73,kg,AMBIENT,43.1,MEDIUM,False,Thursday,2,False,True
2025-02-20,The Riverside Hotel,hist-sup-006,HOTEL,Bakery Items,48.11,kg,AMBIENT,35.3,MEDIUM,False,Thursday,2,False,True
2025-02-21,Grand Horizon Hotel,hist-sup-001,HOTEL,Food Surplus,44.38,kg,AMBIENT,41.2,MEDIUM,False,Friday,2,False,True
2025-02-21,Bistro Verde Restaurant,hist-sup-002,RESTAURANT,Cooked Meals,37.97,kg,REFRIGERATED,5.0,MEDIUM,False,Friday,2,False,True
2025-02-21,Sunrise University Canteen,hist-sup-004,INSTITUTION,Cooked Meals,41.39,kg,REFRIGERATED,11.5,HIGH,False,Friday,2,False,True
2025-02-21,Harvest Organic Market,hist-sup-005,INSTITUTION,Bakery Items,13.47,kg,AMBIENT,27.0,MEDIUM,False,Friday,2,False,True
2025-02-21,The Riverside Hotel,hist-sup-006,HOTEL,Food Surplus,41.69,kg,AMBIENT,45.7,LOW,False,Friday,2,False,True
2025-02-22,Grand Horizon Hotel,hist-sup-001,HOTEL,Food Surplus,139.41,kg,AMBIENT,9.1,LOW,False,Saturday,2,True,True
2025-02-22,Bistro Verde Restaurant,hist-sup-002,RESTAURANT,Bakery Items,29.1,kg,AMBIENT,30.4,MEDIUM,False,Saturday,2,True,True
2025-02-22,Sunrise University Canteen,hist-sup-004,INSTITUTION,Fresh Produce,110.94,kg,AMBIENT,62.8,MEDIUM,False,Saturday,2,True,True
2025-02-22,Harvest Organic Market,hist-sup-005,INSTITUTION,Fresh Produce,44.32,kg,AMBIENT,43.9,MEDIUM,False,Saturday,2,True,True
2025-02-22,The Riverside Hotel,hist-sup-006,HOTEL,Cooked Meals,62.4,kg,REFRIGERATED,10.9,CRITICAL,False,Saturday,2,True,True
2025-02-23,Grand Horizon Hotel,hist-sup-001,HOTEL,Food Surplus,96.98,kg,AMBIENT,12.2,MEDIUM,False,Sunday,2,True,True
2025-02-23,Bistro Verde Restaurant,hist-sup-002,RESTAURANT,Bakery Items,17.71,kg,AMBIENT,21.2,MEDIUM,False,Sunday,2,True,True
2025-02-23,Harvest Organic Market,hist-sup-005,INSTITUTION,Bakery Items,53.35,kg,AMBIENT,29.3,LOW,False,Sunday,2,True,True
2025-02-23,The Riverside Hotel,hist-sup-006,HOTEL,Food Surplus,108.67,kg,AMBIENT,11.6,MEDIUM,False,Sunday,2,True,True
2025-02-24,Grand Horizon Hotel,hist-sup-001,HOTEL,Cooked Meals,39.81,kg,REFRIGERATED,6.8,LOW,False,Monday,2,False,True
2025-02-24,Bistro Verde Restaurant,hist-sup-002,RESTAURANT,Bakery Items,14.53,kg,AMBIENT,15.2,MEDIUM,False,Monday,2,False,True
2025-02-24,Sunrise University Canteen,hist-sup-004,INSTITUTION,Cooked Meals,47.45,kg,REFRIGERATED,8.6,MEDIUM,False,Monday,2,False,True
2025-02-24,Harvest Organic Market,hist-sup-005,INSTITUTION,Fresh Produce,48.87,kg,AMBIENT,63.6,MEDIUM,False,Monday,2,False,True
2025-02-24,The Riverside Hotel,hist-sup-006,HOTEL,Cooked Meals,121.63,kg,REFRIGERATED,7.2,HIGH,False,Monday,2,False,True
2025-02-25,Grand Horizon Hotel,hist-sup-001,HOTEL,Food Surplus,151.19,kg,AMBIENT,28.0,LOW,False,Tuesday,2,False,True
2025-02-25,Bistro Verde Restaurant,hist-sup-002,RESTAURANT,Bakery Items,35.04,kg,AMBIENT,24.5,LOW,False,Tuesday,2,False,True
2025-02-25,Sunrise University Canteen,hist-sup-004,INSTITUTION,Fresh Produce,56.12,kg,AMBIENT,38.4,MEDIUM,False,Tuesday,2,False,True
2025-02-25,Harvest Organic Market,hist-sup-005,INSTITUTION,Bakery Items,29.87,kg,AMBIENT,19.2,HIGH,False,Tuesday,2,False,True
2025-02-25,The Riverside Hotel,hist-sup-006,HOTEL,Food Surplus,31.74,kg,AMBIENT,44.0,HIGH,False,Tuesday,2,False,True
2025-02-26,Grand Horizon Hotel,hist-sup-001,HOTEL,Food Surplus,72.3,kg,AMBIENT,34.2,HIGH,False,Wednesday,2,False,True
2025-02-26,Bistro Verde Restaurant,hist-sup-002,RESTAURANT,Cooked Meals,50.34,kg,REFRIGERATED,9.0,HIGH,False,Wednesday,2,False,True
2025-02-26,Sunrise University Canteen,hist-sup-004,INSTITUTION,Cooked Meals,14.48,kg,REFRIGERATED,11.6,MEDIUM,False,Wednesday,2,False,True
2025-02-26,Harvest Organic Market,hist-sup-005,INSTITUTION,Bakery Items,18.26,kg,AMBIENT,24.0,MEDIUM,False,Wednesday,2,False,True
2025-02-26,The Riverside Hotel,hist-sup-006,HOTEL,Food Surplus,118.8,kg,AMBIENT,36.2,MEDIUM,False,Wednesday,2,False,True
2025-02-27,Grand Horizon Hotel,hist-sup-001,HOTEL,Food Surplus,103.98,kg,AMBIENT,44.5,MEDIUM,False,Thursday,2,False,True
2025-02-27,Bistro Verde Restaurant,hist-sup-002,RESTAURANT,Bakery Items,25.85,kg,AMBIENT,16.6,LOW,False,Thursday,2,False,True
2025-02-27,Sunrise University Canteen,hist-sup-004,INSTITUTION,Fresh Produce,112.96,kg,AMBIENT,47.5,MEDIUM,False,Thursday,2,False,True
2025-02-27,Harvest Organic Market,hist-sup-005,INSTITUTION,Bakery Items,11.95,kg,AMBIENT,25.8,MEDIUM,False,Thursday,2,False,True
2025-02-27,The Riverside Hotel,hist-sup-006,HOTEL,Bakery Items,62.27,kg,AMBIENT,19.0,LOW,False,Thursday,2,False,True
2025-02-28,Grand Horizon Hotel,hist-sup-001,HOTEL,Food Surplus,156.21,kg,AMBIENT,34.2,MEDIUM,False,Friday,2,False,True
2025-02-28,Bistro Verde Restaurant,hist-sup-002,RESTAURANT,Bakery Items,33.12,kg,AMBIENT,26.8,MEDIUM,False,Friday,2,False,True
2025-02-28,Sunrise University Canteen,hist-sup-004,INSTITUTION,Cooked Meals,62.71,kg,REFRIGERATED,4.4,HIGH,False,Friday,2,False,True
2025-02-28,Harvest Organic Market,hist-sup-005,INSTITUTION,Fresh Produce,112.17,kg,AMBIENT,70.9,LOW,False,Friday,2,False,True
2025-02-28,The Riverside Hotel,hist-sup-006,HOTEL,Bakery Items,41.29,kg,AMBIENT,16.8,HIGH,False,Friday,2,False,True
2025-03-01,Grand Horizon Hotel,hist-sup-001,HOTEL,Cooked Meals,206.5,kg,REFRIGERATED,8.3,HIGH,False,Saturday,3,True,True
2025-03-01,Sunrise University Canteen,hist-sup-004,INSTITUTION,Cooked Meals,137.82,kg,REFRIGERATED,4.3,CRITICAL,False,Saturday,3,True,True
2025-03-01,Harvest Organic Market,hist-sup-005,INSTITUTION,Fresh Produce,161.21,kg,AMBIENT,66.1,LOW,False,Saturday,3,True,True
2025-03-01,The Riverside Hotel,hist-sup-006,HOTEL,Cooked Meals,134.88,kg,REFRIGERATED,6.7,MEDIUM,False,Saturday,3,True,True
2025-03-02,Grand Horizon Hotel,hist-sup-001,HOTEL,Food Surplus,209.07,kg,AMBIENT,18.9,HIGH,False,Sunday,3,True,True
2025-03-02,Bistro Verde Restaurant,hist-sup-002,RESTAURANT,Bakery Items,35.07,kg,AMBIENT,29.2,LOW,False,Sunday,3,True,True
2025-03-02,The Riverside Hotel,hist-sup-006,HOTEL,Food Surplus,180.2,kg,AMBIENT,28.6,LOW,False,Sunday,3,True,True
2025-03-03,Grand Horizon Hotel,hist-sup-001,HOTEL,Cooked Meals,112.47,kg,REFRIGERATED,7.8,CRITICAL,False,Monday,3,False,True
2025-03-03,Bistro Verde Restaurant,hist-sup-002,RESTAURANT,Bakery Items,11.49,kg,AMBIENT,19.2,MEDIUM,False,Monday,3,False,True
2025-03-03,Metropolitan Event Center,hist-sup-003,EVENT_VENUE,Cooked Meals,78.96,kg,REFRIGERATED,4.5,MEDIUM,False,Monday,3,False,True
2025-03-03,Sunrise University Canteen,hist-sup-004,INSTITUTION,Fresh Produce,133.89,kg,AMBIENT,61.0,MEDIUM,False,Monday,3,False,True
2025-03-03,Harvest Organic Market,hist-sup-005,INSTITUTION,Bakery Items,14.76,kg,AMBIENT,17.3,HIGH,False,Monday,3,False,True
2025-03-03,The Riverside Hotel,hist-sup-006,HOTEL,Bakery Items,38.23,kg,AMBIENT,25.2,MEDIUM,False,Monday,3,False,True
2025-03-04,Grand Horizon Hotel,hist-sup-001,HOTEL,Cooked Meals,98.48,kg,REFRIGERATED,9.4,HIGH,False,Tuesday,3,False,True
2025-03-04,Bistro Verde Restaurant,hist-sup-002,RESTAURANT,Bakery Items,15.83,kg,AMBIENT,14.7,HIGH,False,Tuesday,3,False,True
2025-03-04,Sunrise University Canteen,hist-sup-004,INSTITUTION,Cooked Meals,31.95,kg,REFRIGERATED,10.8,MEDIUM,False,Tuesday,3,False,True
2025-03-04,Harvest Organic Market,hist-sup-005,INSTITUTION,Bakery Items,5.76,kg,AMBIENT,22.9,MEDIUM,False,Tuesday,3,False,True
2025-03-04,The Riverside Hotel,hist-sup-006,HOTEL,Cooked Meals,67.42,kg,REFRIGERATED,9.4,MEDIUM,False,Tuesday,3,False,True
2025-03-05,Grand Horizon Hotel,hist-sup-001,HOTEL,Food Surplus,144.41,kg,AMBIENT,9.8,MEDIUM,False,Wednesday,3,False,True
2025-03-05,Bistro Verde Restaurant,hist-sup-002,RESTAURANT,Cooked Meals,52.08,kg,REFRIGERATED,4.6,CRITICAL,False,Wednesday,3,False,True
2025-03-05,Metropolitan Event Center,hist-sup-003,EVENT_VENUE,Cooked Meals,55.47,kg,REFRIGERATED,9.8,CRITICAL,False,Wednesday,3,False,True
2025-03-05,Sunrise University Canteen,hist-sup-004,INSTITUTION,Fresh Produce,89.08,kg,AMBIENT,68.0,MEDIUM,False,Wednesday,3,False,True
2025-03-05,Harvest Organic Market,hist-sup-005,INSTITUTION,Fresh Produce,78.1,kg,AMBIENT,49.8,MEDIUM,False,Wednesday,3,False,True
2025-03-05,The Riverside Hotel,hist-sup-006,HOTEL,Cooked Meals,102.99,kg,REFRIGERATED,10.0,CRITICAL,False,Wednesday,3,False,True
2025-03-06,Grand Horizon Hotel,hist-sup-001,HOTEL,Food Surplus,108.78,kg,AMBIENT,21.8,LOW,False,Thursday,3,False,True
2025-03-06,Sunrise University Canteen,hist-sup-004,INSTITUTION,Fresh Produce,86.6,kg,AMBIENT,68.9,HIGH,False,Thursday,3,False,True
2025-03-06,Harvest Organic Market,hist-sup-005,INSTITUTION,Fresh Produce,34.87,kg,AMBIENT,57.8,LOW,False,Thursday,3,False,True
2025-03-06,The Riverside Hotel,hist-sup-006,HOTEL,Bakery Items,29.66,kg,AMBIENT,25.0,MEDIUM,False,Thursday,3,False,True
2025-03-07,Grand Horizon Hotel,hist-sup-001,HOTEL,Cooked Meals,72.62,kg,REFRIGERATED,9.9,MEDIUM,False,Friday,3,False,True
2025-03-07,Bistro Verde Restaurant,hist-sup-002,RESTAURANT,Bakery Items,14.49,kg,AMBIENT,33.0,CRITICAL,False,Friday,3,False,True
2025-03-07,Sunrise University Canteen,hist-sup-004,INSTITUTION,Fresh Produce,39.89,kg,AMBIENT,67.8,MEDIUM,False,Friday,3,False,True
2025-03-07,Harvest Organic Market,hist-sup-005,INSTITUTION,Bakery Items,5.79,kg,AMBIENT,20.3,MEDIUM,False,Friday,3,False,True
2025-03-07,The Riverside Hotel,hist-sup-006,HOTEL,Food Surplus,54.49,kg,AMBIENT,23.1,MEDIUM,False,Friday,3,False,True
2025-03-08,Grand Horizon Hotel,hist-sup-001,HOTEL,Cooked Meals,77.97,kg,REFRIGERATED,9.7,HIGH,False,Saturday,3,True,True
2025-03-08,Sunrise University Canteen,hist-sup-004,INSTITUTION,Cooked Meals,61.31,kg,REFRIGERATED,4.6,HIGH,False,Saturday,3,True,True
2025-03-08,Harvest Organic Market,hist-sup-005,INSTITUTION,Fresh Produce,30.36,kg,AMBIENT,42.1,MEDIUM,False,Saturday,3,True,True
2025-03-08,The Riverside Hotel,hist-sup-006,HOTEL,Cooked Meals,46.14,kg,REFRIGERATED,8.5,MEDIUM,False,Saturday,3,True,True
2025-03-09,Grand Horizon Hotel,hist-sup-001,HOTEL,Food Surplus,63.94,kg,AMBIENT,44.4,LOW,False,Sunday,3,True,True
2025-03-09,Bistro Verde Restaurant,hist-sup-002,RESTAURANT,Cooked Meals,75.67,kg,REFRIGERATED,9.6,HIGH,False,Sunday,3,True,True
2025-03-09,The Riverside Hotel,hist-sup-006,HOTEL,Bakery Items,28.71,kg,AMBIENT,20.6,LOW,False,Sunday,3,True,True
2025-03-10,Grand Horizon Hotel,hist-sup-001,HOTEL,Food Surplus,101.28,kg,AMBIENT,38.5,MEDIUM,False,Monday,3,False,True
2025-03-10,Bistro Verde Restaurant,hist-sup-002,RESTAURANT,Bakery Items,12.95,kg,AMBIENT,25.5,LOW,False,Monday,3,False,True
2025-03-10,Metropolitan Event Center,hist-sup-003,EVENT_VENUE,Cooked Meals,83.11,kg,REFRIGERATED,6.4,MEDIUM,False,Monday,3,False,True
2025-03-10,Sunrise University Canteen,hist-sup-004,INSTITUTION,Cooked Meals,46.75,kg,REFRIGERATED,9.2,HIGH,False,Monday,3,False,True
2025-03-10,Harvest Organic Market,hist-sup-005,INSTITUTION,Bakery Items,33.45,kg,AMBIENT,16.0,HIGH,False,Monday,3,False,True
2025-03-10,The Riverside Hotel,hist-sup-006,HOTEL,Food Surplus,74.26,kg,AMBIENT,15.4,HIGH,False,Monday,3,False,True
2025-03-11,Grand Horizon Hotel,hist-sup-001,HOTEL,Cooked Meals,82.8,kg,REFRIGERATED,10.5,LOW,False,Tuesday,3,False,True
2025-03-11,Bistro Verde Restaurant,hist-sup-002,RESTAURANT,Cooked Meals,56.36,kg,REFRIGERATED,5.9,HIGH,False,Tuesday,3,False,True
2025-03-11,Metropolitan Event Center,hist-sup-003,EVENT_VENUE,Cooked Meals,64.92,kg,REFRIGERATED,8.9,MEDIUM,False,Tuesday,3,False,True
2025-03-11,Sunrise University Canteen,hist-sup-004,INSTITUTION,Cooked Meals,47.5,kg,REFRIGERATED,7.3,LOW,False,Tuesday,3,False,True
2025-03-11,Harvest Organic Market,hist-sup-005,INSTITUTION,Bakery Items,5.89,kg,AMBIENT,31.3,HIGH,False,Tuesday,3,False,True
2025-03-11,The Riverside Hotel,hist-sup-006,HOTEL,Cooked Meals,51.75,kg,REFRIGERATED,5.9,HIGH,False,Tuesday,3,False,True
2025-03-12,Grand Horizon Hotel,hist-sup-001,HOTEL,Food Surplus,57.38,kg,AMBIENT,24.2,MEDIUM,False,Wednesday,3,False,True
2025-03-12,Sunrise University Canteen,hist-sup-004,INSTITUTION,Cooked Meals,71.71,kg,REFRIGERATED,10.9,HIGH,False,Wednesday,3,False,True
2025-03-12,Harvest Organic Market,hist-sup-005,INSTITUTION,Bakery Items,13.89,kg,AMBIENT,28.9,LOW,False,Wednesday,3,False,True
2025-03-12,The Riverside Hotel,hist-sup-006,HOTEL,Food Surplus,117.8,kg,AMBIENT,30.6,HIGH,False,Wednesday,3,False,True
2025-03-13,Grand Horizon Hotel,hist-sup-001,HOTEL,Cooked Meals,53.27,kg,REFRIGERATED,8.5,MEDIUM,False,Thursday,3,False,True
2025-03-13,Sunrise University Canteen,hist-sup-004,INSTITUTION,Cooked Meals,23.1,kg,REFRIGERATED,10.8,LOW,False,Thursday,3,False,True
2025-03-13,Harvest Organic Market,hist-sup-005,INSTITUTION,Fresh Produce,88.9,kg,AMBIENT,27.7,LOW,False,Thursday,3,False,True
2025-03-13,The Riverside Hotel,hist-sup-006,HOTEL,Bakery Items,34.21,kg,AMBIENT,25.0,MEDIUM,False,Thursday,3,False,True
2025-03-14,Grand Horizon Hotel,hist-sup-001,HOTEL,Cooked Meals,81.31,kg,REFRIGERATED,7.5,HIGH,False,Friday,3,False,True
2025-03-14,Bistro Verde Restaurant,hist-sup-002,RESTAURANT,Bakery Items,33.2,kg,AMBIENT,19.8,MEDIUM,False,Friday,3,False,True
2025-03-14,Sunrise University Canteen,hist-sup-004,INSTITUTION,Cooked Meals,47.42,kg,REFRIGERATED,9.4,HIGH,False,Friday,3,False,True
2025-03-14,Harvest Organic Market,hist-sup-005,INSTITUTION,Bakery Items,30.02,kg,AMBIENT,29.1,LOW,False,Friday,3,False,True
2025-03-14,The Riverside Hotel,hist-sup-006,HOTEL,Food Surplus,123.7,kg,AMBIENT,22.4,LOW,False,Friday,3,False,True
2025-03-15,Grand Horizon Hotel,hist-sup-001,HOTEL,Food Surplus,105.67,kg,AMBIENT,18.8,LOW,False,Saturday,3,True,True
2025-03-15,Bistro Verde Restaurant,hist-sup-002,RESTAURANT,Bakery Items,25.47,kg,AMBIENT,14.2,HIGH,False,Saturday,3,True,True
2025-03-15,Sunrise University Canteen,hist-sup-004,INSTITUTION,Fresh Produce,27.47,kg,AMBIENT,43.9,MEDIUM,False,Saturday,3,True,True
2025-03-15,Harvest Organic Market,hist-sup-005,INSTITUTION,Fresh Produce,88.0,kg,AMBIENT,30.7,MEDIUM,False,Saturday,3,True,True
2025-03-15,The Riverside Hotel,hist-sup-006,HOTEL,Cooked Meals,47.92,kg,REFRIGERATED,6.2,MEDIUM,False,Saturday,3,True,True
2025-03-16,Grand Horizon Hotel,hist-sup-001,HOTEL,Food Surplus,75.46,kg,AMBIENT,31.8,LOW,False,Sunday,3,True,True
2025-03-16,Bistro Verde Restaurant,hist-sup-002,RESTAURANT,Bakery Items,7.08,kg,AMBIENT,21.5,HIGH,False,Sunday,3,True,True
2025-03-16,The Riverside Hotel,hist-sup-006,HOTEL,Food Surplus,178.22,kg,AMBIENT,45.9,LOW,False,Sunday,3,True,True
2025-03-17,Grand Horizon Hotel,hist-sup-001,HOTEL,Food Surplus,184.1,kg,AMBIENT,19.7,MEDIUM,False,Monday,3,False,True
2025-03-17,Bistro Verde Restaurant,hist-sup-002,RESTAURANT,Cooked Meals,26.81,kg,REFRIGERATED,6.9,CRITICAL,False,Monday,3,False,True
2025-03-17,Sunrise University Canteen,hist-sup-004,INSTITUTION,Cooked Meals,85.9,kg,REFRIGERATED,8.4,CRITICAL,False,Monday,3,False,True
2025-03-17,Harvest Organic Market,hist-sup-005,INSTITUTION,Fresh Produce,58.11,kg,AMBIENT,63.3,MEDIUM,False,Monday,3,False,True
2025-03-17,The Riverside Hotel,hist-sup-006,HOTEL,Bakery Items,16.87,kg,AMBIENT,19.3,LOW,False,Monday,3,False,True
2025-03-18,Grand Horizon Hotel,hist-sup-001,HOTEL,Food Surplus,199.06,kg,AMBIENT,27.2,MEDIUM,False,Tuesday,3,False,True
2025-03-18,Bistro Verde Restaurant,hist-sup-002,RESTAURANT,Bakery Items,24.91,kg,AMBIENT,31.0,MEDIUM,False,Tuesday,3,False,True
2025-03-18,Sunrise University Canteen,hist-sup-004,INSTITUTION,Cooked Meals,20.93,kg,REFRIGERATED,5.3,HIGH,False,Tuesday,3,False,True
2025-03-18,Harvest Organic Market,hist-sup-005,INSTITUTION,Bakery Items,45.91,kg,AMBIENT,20.0,MEDIUM,False,Tuesday,3,False,True
2025-03-18,The Riverside Hotel,hist-sup-006,HOTEL,Cooked Meals,32.17,kg,REFRIGERATED,8.6,HIGH,False,Tuesday,3,False,True
2025-03-19,Grand Horizon Hotel,hist-sup-001,HOTEL,Food Surplus,92.36,kg,AMBIENT,35.2,MEDIUM,False,Wednesday,3,False,True
2025-03-19,Bistro Verde Restaurant,hist-sup-002,RESTAURANT,Cooked Meals,34.08,kg,REFRIGERATED,4.7,CRITICAL,False,Wednesday,3,False,True
2025-03-19,Sunrise University Canteen,hist-sup-004,INSTITUTION,Fresh Produce,102.6,kg,AMBIENT,33.9,MEDIUM,False,Wednesday,3,False,True
2025-03-19,Harvest Organic Market,hist-sup-005,INSTITUTION,Bakery Items,27.72,kg,AMBIENT,13.1,HIGH,False,Wednesday,3,False,True
2025-03-19,The Riverside Hotel,hist-sup-006,HOTEL,Bakery Items,39.32,kg,AMBIENT,28.3,LOW,False,Wednesday,3,False,True
2025-03-20,Grand Horizon Hotel,hist-sup-001,HOTEL,Cooked Meals,69.22,kg,REFRIGERATED,7.4,MEDIUM,False,Thursday,3,False,True
2025-03-20,Bistro Verde Restaurant,hist-sup-002,RESTAURANT,Cooked Meals,18.97,kg,REFRIGERATED,9.3,MEDIUM,False,Thursday,3,False,True
2025-03-20,Sunrise University Canteen,hist-sup-004,INSTITUTION,Fresh Produce,76.87,kg,AMBIENT,33.9,MEDIUM,False,Thursday,3,False,True
2025-03-20,Harvest Organic Market,hist-sup-005,INSTITUTION,Fresh Produce,86.54,kg,AMBIENT,62.4,MEDIUM,False,Thursday,3,False,True
2025-03-20,The Riverside Hotel,hist-sup-006,HOTEL,Cooked Meals,57.37,kg,REFRIGERATED,8.2,HIGH,False,Thursday,3,False,True
2025-03-21,Grand Horizon Hotel,hist-sup-001,HOTEL,Food Surplus,144.88,kg,AMBIENT,21.9,HIGH,False,Friday,3,False,True
2025-03-21,Bistro Verde Restaurant,hist-sup-002,RESTAURANT,Bakery Items,25.91,kg,AMBIENT,19.5,LOW,False,Friday,3,False,True
2025-03-21,Metropolitan Event Center,hist-sup-003,EVENT_VENUE,Cooked Meals,110.73,kg,REFRIGERATED,8.1,MEDIUM,False,Friday,3,False,True
2025-03-21,Sunrise University Canteen,hist-sup-004,INSTITUTION,Fresh Produce,60.0,kg,AMBIENT,68.1,HIGH,False,Friday,3,False,True
2025-03-21,Harvest Organic Market,hist-sup-005,INSTITUTION,Fresh Produce,67.76,kg,AMBIENT,30.7,MEDIUM,False,Friday,3,False,True
2025-03-21,The Riverside Hotel,hist-sup-006,HOTEL,Cooked Meals,114.91,kg,REFRIGERATED,5.6,HIGH,False,Friday,3,False,True
2025-03-22,Grand Horizon Hotel,hist-sup-001,HOTEL,Food Surplus,121.57,kg,AMBIENT,36.4,MEDIUM,True,Saturday,3,True,True
2025-03-22,Bistro Verde Restaurant,hist-sup-002,RESTAURANT,Cooked Meals,101.93,kg,REFRIGERATED,6.3,HIGH,True,Saturday,3,True,True
2025-03-22,Metropolitan Event Center,hist-sup-003,EVENT_VENUE,Cooked Meals,285.29,kg,REFRIGERATED,4.9,CRITICAL,True,Saturday,3,True,True
2025-03-22,Sunrise University Canteen,hist-sup-004,INSTITUTION,Fresh Produce,129.39,kg,AMBIENT,34.5,MEDIUM,True,Saturday,3,True,True
2025-03-22,Harvest Organic Market,hist-sup-005,INSTITUTION,Fresh Produce,62.17,kg,AMBIENT,45.6,MEDIUM,True,Saturday,3,True,True
2025-03-22,The Riverside Hotel,hist-sup-006,HOTEL,Bakery Items,75.61,kg,AMBIENT,29.7,MEDIUM,True,Saturday,3,True,True
2025-03-23,Grand Horizon Hotel,hist-sup-001,HOTEL,Food Surplus,62.06,kg,AMBIENT,16.3,LOW,True,Sunday,3,True,True
2025-03-23,Bistro Verde Restaurant,hist-sup-002,RESTAURANT,Bakery Items,40.7,kg,AMBIENT,19.0,MEDIUM,True,Sunday,3,True,True
2025-03-23,The Riverside Hotel,hist-sup-006,HOTEL,Cooked Meals,275.74,kg,REFRIGERATED,11.4,CRITICAL,True,Sunday,3,True,True
2025-03-24,Grand Horizon Hotel,hist-sup-001,HOTEL,Cooked Meals,125.16,kg,REFRIGERATED,6.0,CRITICAL,True,Monday,3,False,True
2025-03-24,Bistro Verde Restaurant,hist-sup-002,RESTAURANT,Cooked Meals,56.58,kg,REFRIGERATED,7.3,MEDIUM,True,Monday,3,False,True
2025-03-24,Sunrise University Canteen,hist-sup-004,INSTITUTION,Cooked Meals,53.59,kg,REFRIGERATED,7.6,MEDIUM,True,Monday,3,False,True
2025-03-24,Harvest Organic Market,hist-sup-005,INSTITUTION,Fresh Produce,79.26,kg,AMBIENT,55.9,MEDIUM,True,Monday,3,False,True
2025-03-24,The Riverside Hotel,hist-sup-006,HOTEL,Food Surplus,102.37,kg,AMBIENT,20.9,LOW,True,Monday,3,False,True
2025-03-25,Grand Horizon Hotel,hist-sup-001,HOTEL,Cooked Meals,89.72,kg,REFRIGERATED,6.7,HIGH,True,Tuesday,3,False,True
2025-03-25,Bistro Verde Restaurant,hist-sup-002,RESTAURANT,Cooked Meals,84.04,kg,REFRIGERATED,5.3,HIGH,True,Tuesday,3,False,True
2025-03-25,Sunrise University Canteen,hist-sup-004,INSTITUTION,Cooked Meals,104.58,kg,REFRIGERATED,11.0,HIGH,True,Tuesday,3,False,True
2025-03-25,Harvest Organic Market,hist-sup-005,INSTITUTION,Bakery Items,17.33,kg,AMBIENT,21.5,MEDIUM,True,Tuesday,3,False,True
2025-03-25,The Riverside Hotel,hist-sup-006,HOTEL,Cooked Meals,59.86,kg,REFRIGERATED,4.8,MEDIUM,True,Tuesday,3,False,True
2025-03-26,Grand Horizon Hotel,hist-sup-001,HOTEL,Cooked Meals,111.88,kg,REFRIGERATED,5.0,CRITICAL,True,Wednesday,3,False,True
2025-03-26,Bistro Verde Restaurant,hist-sup-002,RESTAURANT,Bakery Items,7.87,kg,AMBIENT,29.5,LOW,True,Wednesday,3,False,True
2025-03-26,Metropolitan Event Center,hist-sup-003,EVENT_VENUE,Cooked Meals,108.61,kg,REFRIGERATED,11.9,MEDIUM,True,Wednesday,3,False,True
2025-03-26,Sunrise University Canteen,hist-sup-004,INSTITUTION,Cooked Meals,65.9,kg,REFRIGERATED,6.8,MEDIUM,True,Wednesday,3,False,True
2025-03-26,Harvest Organic Market,hist-sup-005,INSTITUTION,Bakery Items,33.75,kg,AMBIENT,15.4,MEDIUM,True,Wednesday,3,False,True
2025-03-26,The Riverside Hotel,hist-sup-006,HOTEL,Bakery Items,84.83,kg,AMBIENT,15.4,MEDIUM,True,Wednesday,3,False,True
2025-03-27,Grand Horizon Hotel,hist-sup-001,HOTEL,Food Surplus,205.75,kg,AMBIENT,20.1,MEDIUM,True,Thursday,3,False,True
2025-03-27,Bistro Verde Restaurant,hist-sup-002,RESTAURANT,Bakery Items,12.09,kg,AMBIENT,33.5,HIGH,True,Thursday,3,False,True
2025-03-27,Metropolitan Event Center,hist-sup-003,EVENT_VENUE,Food Surplus,238.8,kg,AMBIENT,8.5,MEDIUM,True,Thursday,3,False,True
2025-03-27,Sunrise University Canteen,hist-sup-004,INSTITUTION,Fresh Produce,180.99,kg,AMBIENT,41.5,MEDIUM,True,Thursday,3,False,True
2025-03-27,Harvest Organic Market,hist-sup-005,INSTITUTION,Fresh Produce,23.41,kg,AMBIENT,26.9,MEDIUM,True,Thursday,3,False,True
2025-03-27,The Riverside Hotel,hist-sup-006,HOTEL,Food Surplus,146.47,kg,AMBIENT,24.9,MEDIUM,True,Thursday,3,False,True
2025-03-28,Grand Horizon Hotel,hist-sup-001,HOTEL,Cooked Meals,54.28,kg,REFRIGERATED,10.5,MEDIUM,True,Friday,3,False,True
2025-03-28,Bistro Verde Restaurant,hist-sup-002,RESTAURANT,Cooked Meals,33.34,kg,REFRIGERATED,11.6,MEDIUM,True,Friday,3,False,True
2025-03-28,Metropolitan Event Center,hist-sup-003,EVENT_VENUE,Cooked Meals,113.62,kg,REFRIGERATED,9.3,MEDIUM,True,Friday,3,False,True
2025-03-28,Sunrise University Canteen,hist-sup-004,INSTITUTION,Cooked Meals,86.36,kg,REFRIGERATED,11.6,MEDIUM,True,Friday,3,False,True
2025-03-28,Harvest Organic Market,hist-sup-005,INSTITUTION,Bakery Items,12.22,kg,AMBIENT,33.3,MEDIUM,True,Friday,3,False,True
2025-03-28,The Riverside Hotel,hist-sup-006,HOTEL,Bakery Items,20.06,kg,AMBIENT,29.1,MEDIUM,True,Friday,3,False,True
2025-03-29,Grand Horizon Hotel,hist-sup-001,HOTEL,Food Surplus,154.24,kg,AMBIENT,14.7,MEDIUM,False,Saturday,3,True,True
2025-03-29,Bistro Verde Restaurant,hist-sup-002,RESTAURANT,Cooked Meals,34.46,kg,REFRIGERATED,8.1,LOW,False,Saturday,3,True,True
2025-03-29,Sunrise University Canteen,hist-sup-004,INSTITUTION,Fresh Produce,79.42,kg,AMBIENT,70.1,LOW,False,Saturday,3,True,True
2025-03-29,Harvest Organic Market,hist-sup-005,INSTITUTION,Bakery Items,15.44,kg,AMBIENT,18.0,HIGH,False,Saturday,3,True,True
2025-03-29,The Riverside Hotel,hist-sup-006,HOTEL,Cooked Meals,113.9,kg,REFRIGERATED,4.4,HIGH,False,Saturday,3,True,True
2025-03-30,Grand Horizon Hotel,hist-sup-001,HOTEL,Cooked Meals,213.19,kg,REFRIGERATED,4.6,HIGH,False,Sunday,3,True,True
2025-03-30,Bistro Verde Restaurant,hist-sup-002,RESTAURANT,Bakery Items,18.07,kg,AMBIENT,16.8,MEDIUM,False,Sunday,3,True,True
2025-03-30,The Riverside Hotel,hist-sup-006,HOTEL,Bakery Items,72.08,kg,AMBIENT,30.6,MEDIUM,False,Sunday,3,True,True
2025-03-31,Grand Horizon Hotel,hist-sup-001,HOTEL,Cooked Meals,36.39,kg,REFRIGERATED,8.3,HIGH,False,Monday,3,False,True
2025-03-31,Bistro Verde Restaurant,hist-sup-002,RESTAURANT,Cooked Meals,64.95,kg,REFRIGERATED,4.0,HIGH,False,Monday,3,False,True
2025-03-31,Sunrise University Canteen,hist-sup-004,INSTITUTION,Cooked Meals,33.29,kg,REFRIGERATED,11.7,CRITICAL,False,Monday,3,False,True
2025-03-31,Harvest Organic Market,hist-sup-005,INSTITUTION,Bakery Items,7.86,kg,AMBIENT,34.1,HIGH,False,Monday,3,False,True
2025-03-31,The Riverside Hotel,hist-sup-006,HOTEL,Food Surplus,96.71,kg,AMBIENT,31.2,MEDIUM,False,Monday,3,False,True
2025-04-01,Grand Horizon Hotel,hist-sup-001,HOTEL,Food Surplus,36.37,kg,AMBIENT,30.7,MEDIUM,False,Tuesday,4,False,True
2025-04-01,Sunrise University Canteen,hist-sup-004,INSTITUTION,Fresh Produce,96.42,kg,AMBIENT,39.7,MEDIUM,False,Tuesday,4,False,True
2025-04-01,Harvest Organic Market,hist-sup-005,INSTITUTION,Fresh Produce,35.59,kg,AMBIENT,61.0,LOW,False,Tuesday,4,False,True
2025-04-01,The Riverside Hotel,hist-sup-006,HOTEL,Bakery Items,23.42,kg,AMBIENT,35.2,LOW,False,Tuesday,4,False,True
2025-04-02,Grand Horizon Hotel,hist-sup-001,HOTEL,Food Surplus,154.35,kg,AMBIENT,11.6,HIGH,False,Wednesday,4,False,True
2025-04-02,Bistro Verde Restaurant,hist-sup-002,RESTAURANT,Cooked Meals,21.1,kg,REFRIGERATED,9.7,CRITICAL,False,Wednesday,4,False,True
2025-04-02,Sunrise University Canteen,hist-sup-004,INSTITUTION,Fresh Produce,47.24,kg,AMBIENT,71.6,LOW,False,Wednesday,4,False,True
2025-04-02,Harvest Organic Market,hist-sup-005,INSTITUTION,Bakery Items,20.61,kg,AMBIENT,14.4,HIGH,False,Wednesday,4,False,True
2025-04-02,The Riverside Hotel,hist-sup-006,HOTEL,Cooked Meals,86.73,kg,REFRIGERATED,11.9,MEDIUM,False,Wednesday,4,False,True
2025-04-03,Grand Horizon Hotel,hist-sup-001,HOTEL,Food Surplus,124.15,kg,AMBIENT,31.4,HIGH,False,Thursday,4,False,True
2025-04-03,Bistro Verde Restaurant,hist-sup-002,RESTAURANT,Cooked Meals,18.62,kg,REFRIGERATED,9.2,HIGH,False,Thursday,4,False,True
2025-04-03,Metropolitan Event Center,hist-sup-003,EVENT_VENUE,Cooked Meals,38.83,kg,REFRIGERATED,11.4,MEDIUM,False,Thursday,4,False,True
2025-04-03,Sunrise University Canteen,hist-sup-004,INSTITUTION,Fresh Produce,24.81,kg,AMBIENT,56.8,LOW,False,Thursday,4,False,True
2025-04-03,Harvest Organic Market,hist-sup-005,INSTITUTION,Fresh Produce,39.32,kg,AMBIENT,53.5,MEDIUM,False,Thursday,4,False,True
2025-04-03,The Riverside Hotel,hist-sup-006,HOTEL,Bakery Items,25.96,kg,AMBIENT,25.2,LOW,False,Thursday,4,False,True
2025-04-04,Grand Horizon Hotel,hist-sup-001,HOTEL,Cooked Meals,52.42,kg,REFRIGERATED,6.0,CRITICAL,False,Friday,4,False,True
2025-04-04,Bistro Verde Restaurant,hist-sup-002,RESTAURANT,Cooked Meals,50.14,kg,REFRIGERATED,10.3,MEDIUM,False,Friday,4,False,True
2025-04-04,Sunrise University Canteen,hist-sup-004,INSTITUTION,Fresh Produce,68.35,kg,AMBIENT,34.5,HIGH,False,Friday,4,False,True
2025-04-04,Harvest Organic Market,hist-sup-005,INSTITUTION,Fresh Produce,101.57,kg,AMBIENT,46.6,MEDIUM,False,Friday,4,False,True
2025-04-04,The Riverside Hotel,hist-sup-006,HOTEL,Cooked Meals,119.66,kg,REFRIGERATED,6.1,HIGH,False,Friday,4,False,True
2025-04-05,Grand Horizon Hotel,hist-sup-001,HOTEL,Cooked Meals,160.56,kg,REFRIGERATED,11.6,HIGH,False,Saturday,4,True,True
2025-04-05,Sunrise University Canteen,hist-sup-004,INSTITUTION,Cooked Meals,26.57,kg,REFRIGERATED,9.6,CRITICAL,False,Saturday,4,True,True
2025-04-05,Harvest Organic Market,hist-sup-005,INSTITUTION,Bakery Items,37.99,kg,AMBIENT,25.5,MEDIUM,False,Saturday,4,True,True
2025-04-05,The Riverside Hotel,hist-sup-006,HOTEL,Bakery Items,41.28,kg,AMBIENT,13.3,HIGH,False,Saturday,4,True,True
2025-04-06,Grand Horizon Hotel,hist-sup-001,HOTEL,Food Surplus,29.99,kg,AMBIENT,44.7,LOW,False,Sunday,4,True,True
2025-04-06,Bistro Verde Restaurant,hist-sup-002,RESTAURANT,Cooked Meals,89.4,kg,REFRIGERATED,4.2,HIGH,False,Sunday,4,True,True
2025-04-06,The Riverside Hotel,hist-sup-006,HOTEL,Cooked Meals,58.56,kg,REFRIGERATED,11.5,MEDIUM,False,Sunday,4,True,True
2025-04-07,Grand Horizon Hotel,hist-sup-001,HOTEL,Food Surplus,84.21,kg,AMBIENT,25.5,MEDIUM,False,Monday,4,False,True
2025-04-07,Bistro Verde Restaurant,hist-sup-002,RESTAURANT,Bakery Items,8.55,kg,AMBIENT,35.2,MEDIUM,False,Monday,4,False,True
2025-04-07,Sunrise University Canteen,hist-sup-004,INSTITUTION,Cooked Meals,65.83,kg,REFRIGERATED,9.9,MEDIUM,False,Monday,4,False,True
2025-04-07,Harvest Organic Market,hist-sup-005,INSTITUTION,Fresh Produce,89.49,kg,AMBIENT,69.5,MEDIUM,False,Monday,4,False,True
2025-04-07,The Riverside Hotel,hist-sup-006,HOTEL,Food Surplus,16.84,kg,AMBIENT,46.7,LOW,False,Monday,4,False,True
2025-04-08,Grand Horizon Hotel,hist-sup-001,HOTEL,Food Surplus,34.38,kg,AMBIENT,37.8,LOW,False,Tuesday,4,False,True
2025-04-08,Sunrise University Canteen,hist-sup-004,INSTITUTION,Cooked Meals,65.59,kg,REFRIGERATED,6.7,LOW,False,Tuesday,4,False,True
2025-04-08,Harvest Organic Market,hist-sup-005,INSTITUTION,Fresh Produce,39.01,kg,AMBIENT,61.8,MEDIUM,False,Tuesday,4,False,True
2025-04-08,The Riverside Hotel,hist-sup-006,HOTEL,Bakery Items,52.01,kg,AMBIENT,23.8,MEDIUM,False,Tuesday,4,False,True
2025-04-09,Grand Horizon Hotel,hist-sup-001,HOTEL,Cooked Meals,102.28,kg,REFRIGERATED,10.3,HIGH,False,Wednesday,4,False,True
2025-04-09,Bistro Verde Restaurant,hist-sup-002,RESTAURANT,Cooked Meals,21.55,kg,REFRIGERATED,6.4,MEDIUM,False,Wednesday,4,False,True
2025-04-09,Sunrise University Canteen,hist-sup-004,INSTITUTION,Cooked Meals,89.65,kg,REFRIGERATED,5.3,MEDIUM,False,Wednesday,4,False,True
2025-04-09,Harvest Organic Market,hist-sup-005,INSTITUTION,Fresh Produce,63.71,kg,AMBIENT,57.8,MEDIUM,False,Wednesday,4,False,True
2025-04-09,The Riverside Hotel,hist-sup-006,HOTEL,Food Surplus,114.36,kg,AMBIENT,14.3,MEDIUM,False,Wednesday,4,False,True
2025-04-10,Grand Horizon Hotel,hist-sup-001,HOTEL,Cooked Meals,41.91,kg,REFRIGERATED,8.3,HIGH,False,Thursday,4,False,True
2025-04-10,Bistro Verde Restaurant,hist-sup-002,RESTAURANT,Cooked Meals,9.55,kg,REFRIGERATED,8.6,HIGH,False,Thursday,4,False,True
2025-04-10,Sunrise University Canteen,hist-sup-004,INSTITUTION,Fresh Produce,34.62,kg,AMBIENT,47.1,LOW,False,Thursday,4,False,True
2025-04-10,Harvest Organic Market,hist-sup-005,INSTITUTION,Bakery Items,28.65,kg,AMBIENT,23.4,LOW,False,Thursday,4,False,True
2025-04-10,The Riverside Hotel,hist-sup-006,HOTEL,Bakery Items,27.75,kg,AMBIENT,25.1,LOW,False,Thursday,4,False,True
2025-04-11,Grand Horizon Hotel,hist-sup-001,HOTEL,Food Surplus,46.63,kg,AMBIENT,9.8,MEDIUM,False,Friday,4,False,True
2025-04-11,Bistro Verde Restaurant,hist-sup-002,RESTAURANT,Bakery Items,22.47,kg,AMBIENT,14.3,HIGH,False,Friday,4,False,True
2025-04-11,Sunrise University Canteen,hist-sup-004,INSTITUTION,Cooked Meals,63.73,kg,REFRIGERATED,10.7,HIGH,False,Friday,4,False,True
2025-04-11,Harvest Organic Market,hist-sup-005,INSTITUTION,Bakery Items,22.8,kg,AMBIENT,21.5,HIGH,False,Friday,4,False,True
2025-04-11,The Riverside Hotel,hist-sup-006,HOTEL,Food Surplus,133.98,kg,AMBIENT,40.0,MEDIUM,False,Friday,4,False,True
2025-04-12,Grand Horizon Hotel,hist-sup-001,HOTEL,Cooked Meals,111.75,kg,REFRIGERATED,5.3,MEDIUM,False,Saturday,4,True,True
2025-04-12,Bistro Verde Restaurant,hist-sup-002,RESTAURANT,Cooked Meals,49.51,kg,REFRIGERATED,11.9,MEDIUM,False,Saturday,4,True,True
2025-04-12,Sunrise University Canteen,hist-sup-004,INSTITUTION,Fresh Produce,60.44,kg,AMBIENT,28.2,MEDIUM,False,Saturday,4,True,True
2025-04-12,Harvest Organic Market,hist-sup-005,INSTITUTION,Bakery Items,19.82,kg,AMBIENT,34.0,LOW,False,Saturday,4,True,True
2025-04-12,The Riverside Hotel,hist-sup-006,HOTEL,Food Surplus,80.1,kg,AMBIENT,13.9,HIGH,False,Saturday,4,True,True
2025-04-13,Grand Horizon Hotel,hist-sup-001,HOTEL,Cooked Meals,180.0,kg,REFRIGERATED,8.5,MEDIUM,False,Sunday,4,True,True
2025-04-13,Bistro Verde Restaurant,hist-sup-002,RESTAURANT,Bakery Items,36.43,kg,AMBIENT,25.7,MEDIUM,False,Sunday,4,True,True
2025-04-13,The Riverside Hotel,hist-sup-006,HOTEL,Bakery Items,13.09,kg,AMBIENT,33.3,MEDIUM,False,Sunday,4,True,True
2025-04-14,Grand Horizon Hotel,hist-sup-001,HOTEL,Food Surplus,152.84,kg,AMBIENT,40.7,MEDIUM,False,Monday,4,False,True
2025-04-14,Bistro Verde Restaurant,hist-sup-002,RESTAURANT,Bakery Items,27.52,kg,AMBIENT,28.4,HIGH,False,Monday,4,False,True
2025-04-14,Sunrise University Canteen,hist-sup-004,INSTITUTION,Fresh Produce,95.96,kg,AMBIENT,53.0,LOW,False,Monday,4,False,True
2025-04-14,Harvest Organic Market,hist-sup-005,INSTITUTION,Bakery Items,33.93,kg,AMBIENT,30.2,HIGH,False,Monday,4,False,True
2025-04-14,The Riverside Hotel,hist-sup-006,HOTEL,Food Surplus,130.07,kg,AMBIENT,24.1,MEDIUM,False,Monday,4,False,True
2025-04-15,Grand Horizon Hotel,hist-sup-001,HOTEL,Cooked Meals,38.81,kg,REFRIGERATED,11.0,MEDIUM,False,Tuesday,4,False,True
2025-04-15,Bistro Verde Restaurant,hist-sup-002,RESTAURANT,Cooked Meals,40.4,kg,REFRIGERATED,6.2,HIGH,False,Tuesday,4,False,True
2025-04-15,Sunrise University Canteen,hist-sup-004,INSTITUTION,Cooked Meals,56.13,kg,REFRIGERATED,5.9,HIGH,False,Tuesday,4,False,True
2025-04-15,Harvest Organic Market,hist-sup-005,INSTITUTION,Bakery Items,21.78,kg,AMBIENT,33.5,MEDIUM,False,Tuesday,4,False,True
2025-04-15,The Riverside Hotel,hist-sup-006,HOTEL,Bakery Items,8.31,kg,AMBIENT,13.2,HIGH,False,Tuesday,4,False,True
2025-04-16,Grand Horizon Hotel,hist-sup-001,HOTEL,Cooked Meals,96.8,kg,REFRIGERATED,6.2,MEDIUM,False,Wednesday,4,False,True
2025-04-16,Bistro Verde Restaurant,hist-sup-002,RESTAURANT,Cooked Meals,28.32,kg,REFRIGERATED,5.1,MEDIUM,False,Wednesday,4,False,True
2025-04-16,Sunrise University Canteen,hist-sup-004,INSTITUTION,Fresh Produce,97.35,kg,AMBIENT,67.0,HIGH,False,Wednesday,4,False,True
2025-04-16,Harvest Organic Market,hist-sup-005,INSTITUTION,Fresh Produce,53.01,kg,AMBIENT,56.5,HIGH,False,Wednesday,4,False,True
2025-04-16,The Riverside Hotel,hist-sup-006,HOTEL,Cooked Meals,19.01,kg,REFRIGERATED,10.7,HIGH,False,Wednesday,4,False,True
2025-04-17,Grand Horizon Hotel,hist-sup-001,HOTEL,Food Surplus,64.5,kg,AMBIENT,12.3,LOW,False,Thursday,4,False,True
2025-04-17,Sunrise University Canteen,hist-sup-004,INSTITUTION,Fresh Produce,113.76,kg,AMBIENT,33.0,MEDIUM,False,Thursday,4,False,True
2025-04-17,Harvest Organic Market,hist-sup-005,INSTITUTION,Fresh Produce,84.66,kg,AMBIENT,62.5,MEDIUM,False,Thursday,4,False,True
2025-04-17,The Riverside Hotel,hist-sup-006,HOTEL,Food Surplus,41.04,kg,AMBIENT,19.8,HIGH,False,Thursday,4,False,True
2025-04-18,Grand Horizon Hotel,hist-sup-001,HOTEL,Cooked Meals,83.58,kg,REFRIGERATED,12.0,HIGH,False,Friday,4,False,True
2025-04-18,Bistro Verde Restaurant,hist-sup-002,RESTAURANT,Cooked Meals,41.32,kg,REFRIGERATED,11.5,MEDIUM,False,Friday,4,False,True
2025-04-18,Sunrise University Canteen,hist-sup-004,INSTITUTION,Cooked Meals,29.24,kg,REFRIGERATED,7.8,HIGH,False,Friday,4,False,True
2025-04-18,Harvest Organic Market,hist-sup-005,INSTITUTION,Fresh Produce,121.45,kg,AMBIENT,34.7,LOW,False,Friday,4,False,True
2025-04-18,The Riverside Hotel,hist-sup-006,HOTEL,Bakery Items,36.89,kg,AMBIENT,20.0,LOW,False,Friday,4,False,True
2025-04-19,Grand Horizon Hotel,hist-sup-001,HOTEL,Cooked Meals,108.93,kg,REFRIGERATED,11.6,LOW,False,Saturday,4,True,True
2025-04-19,Bistro Verde Restaurant,hist-sup-002,RESTAURANT,Cooked Meals,67.51,kg,REFRIGERATED,7.1,MEDIUM,False,Saturday,4,True,True
2025-04-19,Metropolitan Event Center,hist-sup-003,EVENT_VENUE,Food Surplus,67.05,kg,AMBIENT,30.8,HIGH,False,Saturday,4,True,True
2025-04-19,Sunrise University Canteen,hist-sup-004,INSTITUTION,Fresh Produce,147.38,kg,AMBIENT,32.7,LOW,False,Saturday,4,True,True
2025-04-19,Harvest Organic Market,hist-sup-005,INSTITUTION,Fresh Produce,58.64,kg,AMBIENT,34.1,MEDIUM,False,Saturday,4,True,True
2025-04-19,The Riverside Hotel,hist-sup-006,HOTEL,Cooked Meals,85.3,kg,REFRIGERATED,10.1,LOW,False,Saturday,4,True,True
2025-04-20,Grand Horizon Hotel,hist-sup-001,HOTEL,Food Surplus,108.26,kg,AMBIENT,9.5,MEDIUM,False,Sunday,4,True,True
2025-04-20,Bistro Verde Restaurant,hist-sup-002,RESTAURANT,Cooked Meals,78.55,kg,REFRIGERATED,10.1,MEDIUM,False,Sunday,4,True,True
2025-04-20,Metropolitan Event Center,hist-sup-003,EVENT_VENUE,Food Surplus,164.12,kg,AMBIENT,21.8,LOW,False,Sunday,4,True,True
2025-04-20,The Riverside Hotel,hist-sup-006,HOTEL,Cooked Meals,69.15,kg,REFRIGERATED,6.3,HIGH,False,Sunday,4,True,True
2025-04-21,Grand Horizon Hotel,hist-sup-001,HOTEL,Food Surplus,80.4,kg,AMBIENT,47.8,MEDIUM,False,Monday,4,False,True
2025-04-21,Bistro Verde Restaurant,hist-sup-002,RESTAURANT,Cooked Meals,56.56,kg,REFRIGERATED,11.3,MEDIUM,False,Monday,4,False,True
2025-04-21,Sunrise University Canteen,hist-sup-004,INSTITUTION,Cooked Meals,32.06,kg,REFRIGERATED,5.0,HIGH,False,Monday,4,False,True
2025-04-21,Harvest Organic Market,hist-sup-005,INSTITUTION,Bakery Items,32.89,kg,AMBIENT,18.1,MEDIUM,False,Monday,4,False,True
2025-04-21,The Riverside Hotel,hist-sup-006,HOTEL,Cooked Meals,71.99,kg,REFRIGERATED,9.5,MEDIUM,False,Monday,4,False,True
2025-04-22,Grand Horizon Hotel,hist-sup-001,HOTEL,Food Surplus,86.34,kg,AMBIENT,14.1,HIGH,False,Tuesday,4,False,True
2025-04-22,Bistro Verde Restaurant,hist-sup-002,RESTAURANT,Bakery Items,18.1,kg,AMBIENT,26.9,MEDIUM,False,Tuesday,4,False,True
2025-04-22,Sunrise University Canteen,hist-sup-004,INSTITUTION,Cooked Meals,36.3,kg,REFRIGERATED,10.3,MEDIUM,False,Tuesday,4,False,True
2025-04-22,Harvest Organic Market,hist-sup-005,INSTITUTION,Bakery Items,34.96,kg,AMBIENT,21.8,LOW,False,Tuesday,4,False,True
2025-04-22,The Riverside Hotel,hist-sup-006,HOTEL,Cooked Meals,73.83,kg,REFRIGERATED,7.8,MEDIUM,False,Tuesday,4,False,True
2025-04-23,Grand Horizon Hotel,hist-sup-001,HOTEL,Cooked Meals,130.95,kg,REFRIGERATED,5.2,MEDIUM,False,Wednesday,4,False,True
2025-04-23,Bistro Verde Restaurant,hist-sup-002,RESTAURANT,Cooked Meals,47.41,kg,REFRIGERATED,9.2,MEDIUM,False,Wednesday,4,False,True
2025-04-23,Sunrise University Canteen,hist-sup-004,INSTITUTION,Cooked Meals,19.05,kg,REFRIGERATED,6.3,HIGH,False,Wednesday,4,False,True
2025-04-23,Harvest Organic Market,hist-sup-005,INSTITUTION,Fresh Produce,27.56,kg,AMBIENT,60.4,LOW,False,Wednesday,4,False,True
2025-04-23,The Riverside Hotel,hist-sup-006,HOTEL,Food Surplus,77.28,kg,AMBIENT,46.2,LOW,False,Wednesday,4,False,True
2025-04-24,Grand Horizon Hotel,hist-sup-001,HOTEL,Food Surplus,172.6,kg,AMBIENT,15.3,MEDIUM,False,Thursday,4,False,True
2025-04-24,Sunrise University Canteen,hist-sup-004,INSTITUTION,Fresh Produce,92.5,kg,AMBIENT,29.4,MEDIUM,False,Thursday,4,False,True
2025-04-24,Harvest Organic Market,hist-sup-005,INSTITUTION,Fresh Produce,21.44,kg,AMBIENT,67.7,MEDIUM,False,Thursday,4,False,True
2025-04-24,The Riverside Hotel,hist-sup-006,HOTEL,Bakery Items,13.23,kg,AMBIENT,12.7,HIGH,False,Thursday,4,False,True
2025-04-25,Grand Horizon Hotel,hist-sup-001,HOTEL,Cooked Meals,76.9,kg,REFRIGERATED,7.9,HIGH,False,Friday,4,False,True
2025-04-25,Bistro Verde Restaurant,hist-sup-002,RESTAURANT,Cooked Meals,20.57,kg,REFRIGERATED,9.4,HIGH,False,Friday,4,False,True
2025-04-25,Sunrise University Canteen,hist-sup-004,INSTITUTION,Fresh Produce,96.14,kg,AMBIENT,57.0,MEDIUM,False,Friday,4,False,True
2025-04-25,Harvest Organic Market,hist-sup-005,INSTITUTION,Fresh Produce,54.57,kg,AMBIENT,31.1,HIGH,False,Friday,4,False,True
2025-04-25,The Riverside Hotel,hist-sup-006,HOTEL,Food Surplus,20.83,kg,AMBIENT,33.7,LOW,False,Friday,4,False,True
2025-04-26,Grand Horizon Hotel,hist-sup-001,HOTEL,Food Surplus,197.24,kg,AMBIENT,17.6,HIGH,False,Saturday,4,True,True
2025-04-26,Bistro Verde Restaurant,hist-sup-002,RESTAURANT,Cooked Meals,58.66,kg,REFRIGERATED,7.0,HIGH,False,Saturday,4,True,True
2025-04-26,Metropolitan Event Center,hist-sup-003,EVENT_VENUE,Cooked Meals,133.23,kg,REFRIGERATED,7.6,MEDIUM,False,Saturday,4,True,True
2025-04-26,Sunrise University Canteen,hist-sup-004,INSTITUTION,Cooked Meals,28.97,kg,REFRIGERATED,7.3,HIGH,False,Saturday,4,True,True
2025-04-26,Harvest Organic Market,hist-sup-005,INSTITUTION,Fresh Produce,118.61,kg,AMBIENT,66.7,MEDIUM,False,Saturday,4,True,True
2025-04-26,The Riverside Hotel,hist-sup-006,HOTEL,Bakery Items,61.49,kg,AMBIENT,20.7,LOW,False,Saturday,4,True,True
2025-04-27,Grand Horizon Hotel,hist-sup-001,HOTEL,Food Surplus,84.82,kg,AMBIENT,36.7,MEDIUM,False,Sunday,4,True,True
2025-04-27,Bistro Verde Restaurant,hist-sup-002,RESTAURANT,Cooked Meals,56.46,kg,REFRIGERATED,5.8,HIGH,False,Sunday,4,True,True
2025-04-27,The Riverside Hotel,hist-sup-006,HOTEL,Food Surplus,42.72,kg,AMBIENT,40.9,MEDIUM,False,Sunday,4,True,True
2025-04-28,Grand Horizon Hotel,hist-sup-001,HOTEL,Food Surplus,95.79,kg,AMBIENT,15.5,CRITICAL,False,Monday,4,False,True
2025-04-28,Bistro Verde Restaurant,hist-sup-002,RESTAURANT,Bakery Items,28.43,kg,AMBIENT,30.2,LOW,False,Monday,4,False,True
2025-04-28,Sunrise University Canteen,hist-sup-004,INSTITUTION,Cooked Meals,79.39,kg,REFRIGERATED,7.6,HIGH,False,Monday,4,False,True
2025-04-28,Harvest Organic Market,hist-sup-005,INSTITUTION,Fresh Produce,130.39,kg,AMBIENT,50.6,MEDIUM,False,Monday,4,False,True
2025-04-28,The Riverside Hotel,hist-sup-006,HOTEL,Food Surplus,106.52,kg,AMBIENT,44.4,MEDIUM,False,Monday,4,False,True
2025-04-29,Grand Horizon Hotel,hist-sup-001,HOTEL,Cooked Meals,24.5,kg,REFRIGERATED,6.6,HIGH,False,Tuesday,4,False,True
2025-04-29,Bistro Verde Restaurant,hist-sup-002,RESTAURANT,Cooked Meals,19.33,kg,REFRIGERATED,11.7,CRITICAL,False,Tuesday,4,False,True
2025-04-29,Sunrise University Canteen,hist-sup-004,INSTITUTION,Fresh Produce,100.27,kg,AMBIENT,64.5,MEDIUM,False,Tuesday,4,False,True
2025-04-29,Harvest Organic Market,hist-sup-005,INSTITUTION,Fresh Produce,31.84,kg,AMBIENT,54.0,LOW,False,Tuesday,4,False,True
2025-04-29,The Riverside Hotel,hist-sup-006,HOTEL,Food Surplus,30.73,kg,AMBIENT,15.1,MEDIUM,False,Tuesday,4,False,True
2025-04-30,Grand Horizon Hotel,hist-sup-001,HOTEL,Cooked Meals,61.2,kg,REFRIGERATED,8.5,HIGH,False,Wednesday,4,False,True
2025-04-30,Sunrise University Canteen,hist-sup-004,INSTITUTION,Fresh Produce,116.0,kg,AMBIENT,29.1,MEDIUM,False,Wednesday,4,False,True
2025-04-30,Harvest Organic Market,hist-sup-005,INSTITUTION,Fresh Produce,36.4,kg,AMBIENT,60.0,LOW,False,Wednesday,4,False,True
2025-04-30,The Riverside Hotel,hist-sup-006,HOTEL,Bakery Items,16.36,kg,AMBIENT,16.9,MEDIUM,False,Wednesday,4,False,True
2025-05-01,Grand Horizon Hotel,hist-sup-001,HOTEL,Food Surplus,38.6,kg,AMBIENT,42.7,MEDIUM,False,Thursday,5,False,True
2025-05-01,Bistro Verde Restaurant,hist-sup-002,RESTAURANT,Bakery Items,10.16,kg,AMBIENT,18.9,MEDIUM,False,Thursday,5,False,True
2025-05-01,Sunrise University Canteen,hist-sup-004,INSTITUTION,Fresh Produce,98.43,kg,AMBIENT,26.6,MEDIUM,False,Thursday,5,False,True
2025-05-01,Harvest Organic Market,hist-sup-005,INSTITUTION,Bakery Items,33.14,kg,AMBIENT,27.5,MEDIUM,False,Thursday,5,False,True
2025-05-01,The Riverside Hotel,hist-sup-006,HOTEL,Food Surplus,33.4,kg,AMBIENT,37.0,LOW,False,Thursday,5,False,True
2025-05-02,Grand Horizon Hotel,hist-sup-001,HOTEL,Cooked Meals,34.23,kg,REFRIGERATED,7.0,MEDIUM,False,Friday,5,False,True
2025-05-02,Bistro Verde Restaurant,hist-sup-002,RESTAURANT,Cooked Meals,16.88,kg,REFRIGERATED,10.8,LOW,False,Friday,5,False,True
2025-05-02,Sunrise University Canteen,hist-sup-004,INSTITUTION,Cooked Meals,19.12,kg,REFRIGERATED,11.5,HIGH,False,Friday,5,False,True
2025-05-02,Harvest Organic Market,hist-sup-005,INSTITUTION,Bakery Items,27.65,kg,AMBIENT,25.2,LOW,False,Friday,5,False,True
2025-05-02,The Riverside Hotel,hist-sup-006,HOTEL,Food Surplus,41.44,kg,AMBIENT,28.2,MEDIUM,False,Friday,5,False,True
2025-05-03,Grand Horizon Hotel,hist-sup-001,HOTEL,Cooked Meals,69.45,kg,REFRIGERATED,11.1,HIGH,False,Saturday,5,True,True
2025-05-03,Bistro Verde Restaurant,hist-sup-002,RESTAURANT,Bakery Items,11.9,kg,AMBIENT,35.9,HIGH,False,Saturday,5,True,True
2025-05-03,Sunrise University Canteen,hist-sup-004,INSTITUTION,Fresh Produce,66.31,kg,AMBIENT,67.4,MEDIUM,False,Saturday,5,True,True
2025-05-03,Harvest Organic Market,hist-sup-005,INSTITUTION,Fresh Produce,77.84,kg,AMBIENT,69.4,MEDIUM,False,Saturday,5,True,True
2025-05-03,The Riverside Hotel,hist-sup-006,HOTEL,Bakery Items,11.63,kg,AMBIENT,24.4,MEDIUM,False,Saturday,5,True,True
2025-05-04,Grand Horizon Hotel,hist-sup-001,HOTEL,Food Surplus,93.86,kg,AMBIENT,20.8,LOW,False,Sunday,5,True,True
2025-05-04,Bistro Verde Restaurant,hist-sup-002,RESTAURANT,Cooked Meals,62.41,kg,REFRIGERATED,5.7,HIGH,False,Sunday,5,True,True
2025-05-04,The Riverside Hotel,hist-sup-006,HOTEL,Food Surplus,128.29,kg,AMBIENT,40.7,LOW,False,Sunday,5,True,True
2025-05-05,Grand Horizon Hotel,hist-sup-001,HOTEL,Cooked Meals,48.46,kg,REFRIGERATED,6.7,LOW,False,Monday,5,False,True
2025-05-05,Bistro Verde Restaurant,hist-sup-002,RESTAURANT,Bakery Items,16.0,kg,AMBIENT,18.2,MEDIUM,False,Monday,5,False,True
2025-05-05,Sunrise University Canteen,hist-sup-004,INSTITUTION,Cooked Meals,33.36,kg,REFRIGERATED,4.9,LOW,False,Monday,5,False,True
2025-05-05,Harvest Organic Market,hist-sup-005,INSTITUTION,Fresh Produce,71.61,kg,AMBIENT,27.5,HIGH,False,Monday,5,False,True
2025-05-05,The Riverside Hotel,hist-sup-006,HOTEL,Food Surplus,43.01,kg,AMBIENT,11.5,HIGH,False,Monday,5,False,True
2025-05-06,Grand Horizon Hotel,hist-sup-001,HOTEL,Food Surplus,136.4,kg,AMBIENT,16.8,MEDIUM,False,Tuesday,5,False,True
2025-05-06,Bistro Verde Restaurant,hist-sup-002,RESTAURANT,Bakery Items,28.32,kg,AMBIENT,15.5,HIGH,False,Tuesday,5,False,True
2025-05-06,Sunrise University Canteen,hist-sup-004,INSTITUTION,Fresh Produce,172.89,kg,AMBIENT,30.8,LOW,False,Tuesday,5,False,True
2025-05-06,Harvest Organic Market,hist-sup-005,INSTITUTION,Bakery Items,19.73,kg,AMBIENT,34.7,MEDIUM,False,Tuesday,5,False,True
2025-05-06,The Riverside Hotel,hist-sup-006,HOTEL,Food Surplus,43.38,kg,AMBIENT,28.5,LOW,False,Tuesday,5,False,True
2025-05-07,Grand Horizon Hotel,hist-sup-001,HOTEL,Food Surplus,51.91,kg,AMBIENT,15.3,HIGH,False,Wednesday,5,False,True
2025-05-07,Bistro Verde Restaurant,hist-sup-002,RESTAURANT,Bakery Items,23.88,kg,AMBIENT,18.0,LOW,False,Wednesday,5,False,True
2025-05-07,Sunrise University Canteen,hist-sup-004,INSTITUTION,Fresh Produce,41.3,kg,AMBIENT,55.5,LOW,False,Wednesday,5,False,True
2025-05-07,Harvest Organic Market,hist-sup-005,INSTITUTION,Fresh Produce,38.91,kg,AMBIENT,38.7,MEDIUM,False,Wednesday,5,False,True
2025-05-07,The Riverside Hotel,hist-sup-006,HOTEL,Bakery Items,41.48,kg,AMBIENT,35.0,LOW,False,Wednesday,5,False,True
2025-05-08,Grand Horizon Hotel,hist-sup-001,HOTEL,Cooked Meals,75.67,kg,REFRIGERATED,6.9,HIGH,False,Thursday,5,False,True
2025-05-08,Bistro Verde Restaurant,hist-sup-002,RESTAURANT,Bakery Items,13.87,kg,AMBIENT,20.6,MEDIUM,False,Thursday,5,False,True
2025-05-08,Sunrise University Canteen,hist-sup-004,INSTITUTION,Cooked Meals,68.25,kg,REFRIGERATED,8.3,MEDIUM,False,Thursday,5,False,True
2025-05-08,Harvest Organic Market,hist-sup-005,INSTITUTION,Fresh Produce,81.31,kg,AMBIENT,66.8,HIGH,False,Thursday,5,False,True
2025-05-08,The Riverside Hotel,hist-sup-006,HOTEL,Food Surplus,78.17,kg,AMBIENT,9.5,MEDIUM,False,Thursday,5,False,True
2025-05-09,Grand Horizon Hotel,hist-sup-001,HOTEL,Food Surplus,93.7,kg,AMBIENT,13.9,MEDIUM,False,Friday,5,False,True
2025-05-09,Bistro Verde Restaurant,hist-sup-002,RESTAURANT,Bakery Items,6.53,kg,AMBIENT,20.7,LOW,False,Friday,5,False,True
2025-05-09,Sunrise University Canteen,hist-sup-004,INSTITUTION,Cooked Meals,59.27,kg,REFRIGERATED,5.1,MEDIUM,False,Friday,5,False,True
2025-05-09,Harvest Organic Market,hist-sup-005,INSTITUTION,Fresh Produce,75.33,kg,AMBIENT,34.5,MEDIUM,False,Friday,5,False,True
2025-05-09,The Riverside Hotel,hist-sup-006,HOTEL,Bakery Items,15.69,kg,AMBIENT,28.0,MEDIUM,False,Friday,5,False,True
2025-05-10,Grand Horizon Hotel,hist-sup-001,HOTEL,Food Surplus,93.21,kg,AMBIENT,47.2,MEDIUM,False,Saturday,5,True,True
2025-05-10,Bistro Verde Restaurant,hist-sup-002,RESTAURANT,Bakery Items,32.51,kg,AMBIENT,18.3,MEDIUM,False,Saturday,5,True,True
2025-05-10,Sunrise University Canteen,hist-sup-004,INSTITUTION,Fresh Produce,103.99,kg,AMBIENT,36.1,HIGH,False,Saturday,5,True,True
2025-05-10,Harvest Organic Market,hist-sup-005,INSTITUTION,Bakery Items,17.65,kg,AMBIENT,32.8,MEDIUM,False,Saturday,5,True,True
2025-05-10,The Riverside Hotel,hist-sup-006,HOTEL,Food Surplus,25.13,kg,AMBIENT,17.2,MEDIUM,False,Saturday,5,True,True
2025-05-11,Grand Horizon Hotel,hist-sup-001,HOTEL,Cooked Meals,39.42,kg,REFRIGERATED,6.9,HIGH,False,Sunday,5,True,True
2025-05-11,Bistro Verde Restaurant,hist-sup-002,RESTAURANT,Cooked Meals,36.07,kg,REFRIGERATED,9.4,MEDIUM,False,Sunday,5,True,True
2025-05-11,The Riverside Hotel,hist-sup-006,HOTEL,Cooked Meals,83.12,kg,REFRIGERATED,5.3,HIGH,False,Sunday,5,True,True
2025-05-12,Grand Horizon Hotel,hist-sup-001,HOTEL,Cooked Meals,18.95,kg,REFRIGERATED,11.7,HIGH,False,Monday,5,False,True
2025-05-12,Bistro Verde Restaurant,hist-sup-002,RESTAURANT,Cooked Meals,53.56,kg,REFRIGERATED,9.8,HIGH,False,Monday,5,False,True
2025-05-12,Sunrise University Canteen,hist-sup-004,INSTITUTION,Fresh Produce,138.7,kg,AMBIENT,52.8,MEDIUM,False,Monday,5,False,True
2025-05-12,Harvest Organic Market,hist-sup-005,INSTITUTION,Fresh Produce,96.23,kg,AMBIENT,48.5,LOW,False,Monday,5,False,True
2025-05-12,The Riverside Hotel,hist-sup-006,HOTEL,Bakery Items,34.37,kg,AMBIENT,15.2,LOW,False,Monday,5,False,True
2025-05-13,Grand Horizon Hotel,hist-sup-001,HOTEL,Food Surplus,133.91,kg,AMBIENT,32.2,LOW,False,Tuesday,5,False,True
2025-05-13,Sunrise University Canteen,hist-sup-004,INSTITUTION,Cooked Meals,12.84,kg,REFRIGERATED,8.3,LOW,False,Tuesday,5,False,True
2025-05-13,Harvest Organic Market,hist-sup-005,INSTITUTION,Bakery Items,13.75,kg,AMBIENT,20.9,LOW,False,Tuesday,5,False,True
2025-05-13,The Riverside Hotel,hist-sup-006,HOTEL,Cooked Meals,62.72,kg,REFRIGERATED,6.8,HIGH,False,Tuesday,5,False,True
2025-05-14,Grand Horizon Hotel,hist-sup-001,HOTEL,Cooked Meals,56.03,kg,REFRIGERATED,6.0,HIGH,False,Wednesday,5,False,True
2025-05-14,Metropolitan Event Center,hist-sup-003,EVENT_VENUE,Cooked Meals,59.87,kg,REFRIGERATED,4.1,HIGH,False,Wednesday,5,False,True
2025-05-14,Sunrise University Canteen,hist-sup-004,INSTITUTION,Fresh Produce,98.65,kg,AMBIENT,57.0,MEDIUM,False,Wednesday,5,False,True
2025-05-14,Harvest Organic Market,hist-sup-005,INSTITUTION,Fresh Produce,52.75,kg,AMBIENT,49.7,MEDIUM,False,Wednesday,5,False,True
2025-05-14,The Riverside Hotel,hist-sup-006,HOTEL,Food Surplus,55.16,kg,AMBIENT,16.1,MEDIUM,False,Wednesday,5,False,True
2025-05-15,Grand Horizon Hotel,hist-sup-001,HOTEL,Cooked Meals,43.86,kg,REFRIGERATED,6.5,MEDIUM,False,Thursday,5,False,True
2025-05-15,Bistro Verde Restaurant,hist-sup-002,RESTAURANT,Cooked Meals,45.96,kg,REFRIGERATED,9.3,HIGH,False,Thursday,5,False,True
2025-05-15,Sunrise University Canteen,hist-sup-004,INSTITUTION,Cooked Meals,11.8,kg,REFRIGERATED,10.4,HIGH,False,Thursday,5,False,True
2025-05-15,Harvest Organic Market,hist-sup-005,INSTITUTION,Fresh Produce,33.32,kg,AMBIENT,70.3,LOW,False,Thursday,5,False,True
2025-05-15,The Riverside Hotel,hist-sup-006,HOTEL,Cooked Meals,45.36,kg,REFRIGERATED,6.1,MEDIUM,False,Thursday,5,False,True
2025-05-16,Grand Horizon Hotel,hist-sup-001,HOTEL,Food Surplus,133.99,kg,AMBIENT,24.0,MEDIUM,False,Friday,5,False,True
2025-05-16,Bistro Verde Restaurant,hist-sup-002,RESTAURANT,Cooked Meals,56.94,kg,REFRIGERATED,7.5,MEDIUM,False,Friday,5,False,True
2025-05-16,Sunrise University Canteen,hist-sup-004,INSTITUTION,Fresh Produce,36.42,kg,AMBIENT,61.6,MEDIUM,False,Friday,5,False,True
2025-05-16,Harvest Organic Market,hist-sup-005,INSTITUTION,Fresh Produce,70.46,kg,AMBIENT,70.8,LOW,False,Friday,5,False,True
2025-05-16,The Riverside Hotel,hist-sup-006,HOTEL,Bakery Items,23.79,kg,AMBIENT,21.5,MEDIUM,False,Friday,5,False,True
2025-05-17,Grand Horizon Hotel,hist-sup-001,HOTEL,Cooked Meals,109.74,kg,REFRIGERATED,8.5,HIGH,False,Saturday,5,True,True
2025-05-17,Bistro Verde Restaurant,hist-sup-002,RESTAURANT,Bakery Items,11.22,kg,AMBIENT,35.1,MEDIUM,False,Saturday,5,True,True
2025-05-17,Sunrise University Canteen,hist-sup-004,INSTITUTION,Cooked Meals,53.04,kg,REFRIGERATED,6.4,CRITICAL,False,Saturday,5,True,True
2025-05-17,Harvest Organic Market,hist-sup-005,INSTITUTION,Bakery Items,38.99,kg,AMBIENT,31.5,MEDIUM,False,Saturday,5,True,True
2025-05-17,The Riverside Hotel,hist-sup-006,HOTEL,Bakery Items,38.85,kg,AMBIENT,35.1,MEDIUM,False,Saturday,5,True,True
2025-05-18,Grand Horizon Hotel,hist-sup-001,HOTEL,Cooked Meals,62.83,kg,REFRIGERATED,6.1,MEDIUM,False,Sunday,5,True,True
2025-05-18,Bistro Verde Restaurant,hist-sup-002,RESTAURANT,Cooked Meals,55.89,kg,REFRIGERATED,11.6,MEDIUM,False,Sunday,5,True,True
2025-05-18,Metropolitan Event Center,hist-sup-003,EVENT_VENUE,Cooked Meals,74.09,kg,REFRIGERATED,4.7,HIGH,False,Sunday,5,True,True
2025-05-18,Harvest Organic Market,hist-sup-005,INSTITUTION,Fresh Produce,56.28,kg,AMBIENT,36.9,HIGH,False,Sunday,5,True,True
2025-05-18,The Riverside Hotel,hist-sup-006,HOTEL,Cooked Meals,87.67,kg,REFRIGERATED,5.6,HIGH,False,Sunday,5,True,True
2025-05-19,Grand Horizon Hotel,hist-sup-001,HOTEL,Cooked Meals,40.83,kg,REFRIGERATED,6.8,HIGH,False,Monday,5,False,True
2025-05-19,Bistro Verde Restaurant,hist-sup-002,RESTAURANT,Cooked Meals,29.59,kg,REFRIGERATED,9.3,HIGH,False,Monday,5,False,True
2025-05-19,Sunrise University Canteen,hist-sup-004,INSTITUTION,Cooked Meals,59.4,kg,REFRIGERATED,11.2,HIGH,False,Monday,5,False,True
2025-05-19,Harvest Organic Market,hist-sup-005,INSTITUTION,Bakery Items,19.7,kg,AMBIENT,35.6,HIGH,False,Monday,5,False,True
2025-05-19,The Riverside Hotel,hist-sup-006,HOTEL,Cooked Meals,78.36,kg,REFRIGERATED,7.4,CRITICAL,False,Monday,5,False,True
2025-05-20,Grand Horizon Hotel,hist-sup-001,HOTEL,Food Surplus,81.21,kg,AMBIENT,35.5,LOW,False,Tuesday,5,False,True
2025-05-20,Sunrise University Canteen,hist-sup-004,INSTITUTION,Cooked Meals,10.68,kg,REFRIGERATED,6.6,HIGH,False,Tuesday,5,False,True
2025-05-20,Harvest Organic Market,hist-sup-005,INSTITUTION,Bakery Items,12.87,kg,AMBIENT,23.3,MEDIUM,False,Tuesday,5,False,True
2025-05-20,The Riverside Hotel,hist-sup-006,HOTEL,Bakery Items,18.17,kg,AMBIENT,20.8,MEDIUM,False,Tuesday,5,False,True
2025-05-21,Grand Horizon Hotel,hist-sup-001,HOTEL,Cooked Meals,120.65,kg,REFRIGERATED,9.5,HIGH,False,Wednesday,5,False,True
2025-05-21,Bistro Verde Restaurant,hist-sup-002,RESTAURANT,Cooked Meals,35.51,kg,REFRIGERATED,10.4,HIGH,False,Wednesday,5,False,True
2025-05-21,Sunrise University Canteen,hist-sup-004,INSTITUTION,Fresh Produce,73.85,kg,AMBIENT,71.8,HIGH,False,Wednesday,5,False,True
2025-05-21,Harvest Organic Market,hist-sup-005,INSTITUTION,Bakery Items,24.8,kg,AMBIENT,25.6,MEDIUM,False,Wednesday,5,False,True
2025-05-21,The Riverside Hotel,hist-sup-006,HOTEL,Cooked Meals,33.01,kg,REFRIGERATED,6.0,CRITICAL,False,Wednesday,5,False,True
2025-05-22,Grand Horizon Hotel,hist-sup-001,HOTEL,Food Surplus,49.34,kg,AMBIENT,21.8,MEDIUM,True,Thursday,5,False,True
2025-05-22,Bistro Verde Restaurant,hist-sup-002,RESTAURANT,Cooked Meals,40.34,kg,REFRIGERATED,8.3,CRITICAL,True,Thursday,5,False,True
2025-05-22,Metropolitan Event Center,hist-sup-003,EVENT_VENUE,Cooked Meals,217.65,kg,REFRIGERATED,7.0,MEDIUM,True,Thursday,5,False,True
2025-05-22,Sunrise University Canteen,hist-sup-004,INSTITUTION,Cooked Meals,59.07,kg,REFRIGERATED,11.4,MEDIUM,True,Thursday,5,False,True
2025-05-22,Harvest Organic Market,hist-sup-005,INSTITUTION,Bakery Items,33.39,kg,AMBIENT,19.6,LOW,True,Thursday,5,False,True
2025-05-22,The Riverside Hotel,hist-sup-006,HOTEL,Food Surplus,87.21,kg,AMBIENT,39.2,HIGH,True,Thursday,5,False,True
2025-05-23,Grand Horizon Hotel,hist-sup-001,HOTEL,Food Surplus,106.35,kg,AMBIENT,34.5,HIGH,True,Friday,5,False,True
2025-05-23,Bistro Verde Restaurant,hist-sup-002,RESTAURANT,Cooked Meals,21.37,kg,REFRIGERATED,4.8,CRITICAL,True,Friday,5,False,True
2025-05-23,Metropolitan Event Center,hist-sup-003,EVENT_VENUE,Food Surplus,70.49,kg,AMBIENT,18.5,LOW,True,Friday,5,False,True
2025-05-23,Sunrise University Canteen,hist-sup-004,INSTITUTION,Fresh Produce,64.2,kg,AMBIENT,37.6,MEDIUM,True,Friday,5,False,True
2025-05-23,Harvest Organic Market,hist-sup-005,INSTITUTION,Fresh Produce,30.17,kg,AMBIENT,46.9,HIGH,True,Friday,5,False,True
2025-05-23,The Riverside Hotel,hist-sup-006,HOTEL,Bakery Items,29.05,kg,AMBIENT,34.8,MEDIUM,True,Friday,5,False,True
2025-05-24,Grand Horizon Hotel,hist-sup-001,HOTEL,Food Surplus,130.9,kg,AMBIENT,33.6,MEDIUM,True,Saturday,5,True,True
2025-05-24,Bistro Verde Restaurant,hist-sup-002,RESTAURANT,Cooked Meals,72.75,kg,REFRIGERATED,6.9,MEDIUM,True,Saturday,5,True,True
2025-05-24,Metropolitan Event Center,hist-sup-003,EVENT_VENUE,Food Surplus,365.12,kg,AMBIENT,29.4,MEDIUM,True,Saturday,5,True,True
2025-05-24,Sunrise University Canteen,hist-sup-004,INSTITUTION,Fresh Produce,91.45,kg,AMBIENT,62.3,MEDIUM,True,Saturday,5,True,True
2025-05-24,Harvest Organic Market,hist-sup-005,INSTITUTION,Bakery Items,14.95,kg,AMBIENT,29.2,MEDIUM,True,Saturday,5,True,True
2025-05-24,The Riverside Hotel,hist-sup-006,HOTEL,Cooked Meals,56.64,kg,REFRIGERATED,5.9,HIGH,True,Saturday,5,True,True
2025-05-25,Grand Horizon Hotel,hist-sup-001,HOTEL,Food Surplus,97.24,kg,AMBIENT,42.1,LOW,True,Sunday,5,True,True
2025-05-25,Bistro Verde Restaurant,hist-sup-002,RESTAURANT,Bakery Items,25.24,kg,AMBIENT,26.9,LOW,True,Sunday,5,True,True
2025-05-25,Metropolitan Event Center,hist-sup-003,EVENT_VENUE,Food Surplus,441.51,kg,AMBIENT,13.0,MEDIUM,True,Sunday,5,True,True
2025-05-25,Sunrise University Canteen,hist-sup-004,INSTITUTION,Cooked Meals,33.08,kg,REFRIGERATED,6.7,MEDIUM,True,Sunday,5,True,True
2025-05-25,The Riverside Hotel,hist-sup-006,HOTEL,Bakery Items,60.59,kg,AMBIENT,15.5,MEDIUM,True,Sunday,5,True,True
2025-05-26,Grand Horizon Hotel,hist-sup-001,HOTEL,Food Surplus,69.1,kg,AMBIENT,18.0,MEDIUM,True,Monday,5,False,True
2025-05-26,Bistro Verde Restaurant,hist-sup-002,RESTAURANT,Cooked Meals,35.51,kg,REFRIGERATED,5.6,HIGH,True,Monday,5,False,True
2025-05-26,Metropolitan Event Center,hist-sup-003,EVENT_VENUE,Food Surplus,376.01,kg,AMBIENT,20.5,MEDIUM,True,Monday,5,False,True
2025-05-26,Sunrise University Canteen,hist-sup-004,INSTITUTION,Cooked Meals,83.11,kg,REFRIGERATED,6.4,MEDIUM,True,Monday,5,False,True
2025-05-26,Harvest Organic Market,hist-sup-005,INSTITUTION,Fresh Produce,144.0,kg,AMBIENT,44.8,LOW,True,Monday,5,False,True
2025-05-26,The Riverside Hotel,hist-sup-006,HOTEL,Food Surplus,42.23,kg,AMBIENT,39.3,MEDIUM,True,Monday,5,False,True
2025-05-27,Grand Horizon Hotel,hist-sup-001,HOTEL,Food Surplus,140.32,kg,AMBIENT,28.0,MEDIUM,True,Tuesday,5,False,True
2025-05-27,Bistro Verde Restaurant,hist-sup-002,RESTAURANT,Cooked Meals,11.55,kg,REFRIGERATED,5.0,HIGH,True,Tuesday,5,False,True
2025-05-27,Sunrise University Canteen,hist-sup-004,INSTITUTION,Fresh Produce,105.86,kg,AMBIENT,33.3,MEDIUM,True,Tuesday,5,False,True
2025-05-27,Harvest Organic Market,hist-sup-005,INSTITUTION,Fresh Produce,44.51,kg,AMBIENT,50.1,MEDIUM,True,Tuesday,5,False,True
2025-05-27,The Riverside Hotel,hist-sup-006,HOTEL,Food Surplus,57.63,kg,AMBIENT,19.0,HIGH,True,Tuesday,5,False,True
2025-05-28,Grand Horizon Hotel,hist-sup-001,HOTEL,Cooked Meals,22.49,kg,REFRIGERATED,6.9,LOW,True,Wednesday,5,False,True
2025-05-28,Bistro Verde Restaurant,hist-sup-002,RESTAURANT,Bakery Items,33.61,kg,AMBIENT,26.9,MEDIUM,True,Wednesday,5,False,True
2025-05-28,Sunrise University Canteen,hist-sup-004,INSTITUTION,Cooked Meals,57.34,kg,REFRIGERATED,8.0,HIGH,True,Wednesday,5,False,True
2025-05-28,Harvest Organic Market,hist-sup-005,INSTITUTION,Bakery Items,21.02,kg,AMBIENT,14.3,HIGH,True,Wednesday,5,False,True
2025-05-28,The Riverside Hotel,hist-sup-006,HOTEL,Cooked Meals,29.9,kg,REFRIGERATED,4.3,HIGH,True,Wednesday,5,False,True
2025-05-29,Grand Horizon Hotel,hist-sup-001,HOTEL,Food Surplus,93.73,kg,AMBIENT,36.1,LOW,False,Thursday,5,False,True
2025-05-29,Bistro Verde Restaurant,hist-sup-002,RESTAURANT,Cooked Meals,8.91,kg,REFRIGERATED,11.4,HIGH,False,Thursday,5,False,True
2025-05-29,Sunrise University Canteen,hist-sup-004,INSTITUTION,Fresh Produce,77.72,kg,AMBIENT,69.0,MEDIUM,False,Thursday,5,False,True
2025-05-29,Harvest Organic Market,hist-sup-005,INSTITUTION,Fresh Produce,95.46,kg,AMBIENT,27.4,MEDIUM,False,Thursday,5,False,True
2025-05-29,The Riverside Hotel,hist-sup-006,HOTEL,Food Surplus,29.17,kg,AMBIENT,37.0,MEDIUM,False,Thursday,5,False,True
2025-05-30,Grand Horizon Hotel,hist-sup-001,HOTEL,Cooked Meals,80.71,kg,REFRIGERATED,8.5,HIGH,False,Friday,5,False,True
2025-05-30,Bistro Verde Restaurant,hist-sup-002,RESTAURANT,Bakery Items,19.36,kg,AMBIENT,28.9,MEDIUM,False,Friday,5,False,True
2025-05-30,Metropolitan Event Center,hist-sup-003,EVENT_VENUE,Food Surplus,89.16,kg,AMBIENT,29.4,MEDIUM,False,Friday,5,False,True
2025-05-30,Sunrise University Canteen,hist-sup-004,INSTITUTION,Fresh Produce,85.31,kg,AMBIENT,71.8,HIGH,False,Friday,5,False,True
2025-05-30,Harvest Organic Market,hist-sup-005,INSTITUTION,Bakery Items,26.16,kg,AMBIENT,25.1,MEDIUM,False,Friday,5,False,True
2025-05-30,The Riverside Hotel,hist-sup-006,HOTEL,Food Surplus,48.4,kg,AMBIENT,46.5,MEDIUM,False,Friday,5,False,True
2025-05-31,Grand Horizon Hotel,hist-sup-001,HOTEL,Cooked Meals,128.49,kg,REFRIGERATED,11.9,MEDIUM,False,Saturday,5,True,True
2025-05-31,Bistro Verde Restaurant,hist-sup-002,RESTAURANT,Cooked Meals,21.53,kg,REFRIGERATED,6.5,HIGH,False,Saturday,5,True,True
2025-05-31,Sunrise University Canteen,hist-sup-004,INSTITUTION,Cooked Meals,20.02,kg,REFRIGERATED,6.1,HIGH,False,Saturday,5,True,True
2025-05-31,Harvest Organic Market,hist-sup-005,INSTITUTION,Bakery Items,35.99,kg,AMBIENT,14.2,MEDIUM,False,Saturday,5,True,True
2025-05-31,The Riverside Hotel,hist-sup-006,HOTEL,Food Surplus,28.69,kg,AMBIENT,27.5,HIGH,False,Saturday,5,True,True
2025-06-01,Grand Horizon Hotel,hist-sup-001,HOTEL,Cooked Meals,101.07,kg,REFRIGERATED,6.4,HIGH,False,Sunday,6,True,True
2025-06-01,Bistro Verde Restaurant,hist-sup-002,RESTAURANT,Cooked Meals,61.32,kg,REFRIGERATED,11.0,MEDIUM,False,Sunday,6,True,True
2025-06-01,Sunrise University Canteen,hist-sup-004,INSTITUTION,Cooked Meals,68.04,kg,REFRIGERATED,10.8,CRITICAL,False,Sunday,6,True,True
2025-06-01,The Riverside Hotel,hist-sup-006,HOTEL,Cooked Meals,50.98,kg,REFRIGERATED,5.2,HIGH,False,Sunday,6,True,True
2025-06-02,Grand Horizon Hotel,hist-sup-001,HOTEL,Cooked Meals,72.54,kg,REFRIGERATED,12.0,CRITICAL,False,Monday,6,False,True
2025-06-02,Bistro Verde Restaurant,hist-sup-002,RESTAURANT,Cooked Meals,14.9,kg,REFRIGERATED,5.1,MEDIUM,False,Monday,6,False,True
2025-06-02,Sunrise University Canteen,hist-sup-004,INSTITUTION,Fresh Produce,61.7,kg,AMBIENT,43.1,MEDIUM,False,Monday,6,False,True
2025-06-02,Harvest Organic Market,hist-sup-005,INSTITUTION,Fresh Produce,67.99,kg,AMBIENT,51.4,MEDIUM,False,Monday,6,False,True
2025-06-02,The Riverside Hotel,hist-sup-006,HOTEL,Food Surplus,46.44,kg,AMBIENT,10.9,HIGH,False,Monday,6,False,True
2025-06-03,Grand Horizon Hotel,hist-sup-001,HOTEL,Cooked Meals,19.0,kg,REFRIGERATED,5.5,HIGH,False,Tuesday,6,False,True
2025-06-03,Bistro Verde Restaurant,hist-sup-002,RESTAURANT,Bakery Items,7.81,kg,AMBIENT,20.4,HIGH,False,Tuesday,6,False,True
2025-06-03,Sunrise University Canteen,hist-sup-004,INSTITUTION,Fresh Produce,29.7,kg,AMBIENT,41.9,MEDIUM,False,Tuesday,6,False,True
2025-06-03,Harvest Organic Market,hist-sup-005,INSTITUTION,Fresh Produce,81.36,kg,AMBIENT,35.7,MEDIUM,False,Tuesday,6,False,True
2025-06-03,The Riverside Hotel,hist-sup-006,HOTEL,Bakery Items,5.78,kg,AMBIENT,22.8,LOW,False,Tuesday,6,False,True
2025-06-04,Grand Horizon Hotel,hist-sup-001,HOTEL,Cooked Meals,27.38,kg,REFRIGERATED,8.2,MEDIUM,False,Wednesday,6,False,True
2025-06-04,Bistro Verde Restaurant,hist-sup-002,RESTAURANT,Cooked Meals,32.98,kg,REFRIGERATED,11.2,MEDIUM,False,Wednesday,6,False,True
2025-06-04,Sunrise University Canteen,hist-sup-004,INSTITUTION,Cooked Meals,47.43,kg,REFRIGERATED,8.9,LOW,False,Wednesday,6,False,True
2025-06-04,Harvest Organic Market,hist-sup-005,INSTITUTION,Fresh Produce,22.4,kg,AMBIENT,67.8,MEDIUM,False,Wednesday,6,False,True
2025-06-04,The Riverside Hotel,hist-sup-006,HOTEL,Bakery Items,31.11,kg,AMBIENT,27.6,LOW,False,Wednesday,6,False,True
2025-06-05,Grand Horizon Hotel,hist-sup-001,HOTEL,Cooked Meals,70.89,kg,REFRIGERATED,4.7,MEDIUM,False,Thursday,6,False,True
2025-06-05,Sunrise University Canteen,hist-sup-004,INSTITUTION,Cooked Meals,23.19,kg,REFRIGERATED,8.2,MEDIUM,False,Thursday,6,False,True
2025-06-05,Harvest Organic Market,hist-sup-005,INSTITUTION,Fresh Produce,19.63,kg,AMBIENT,38.5,CRITICAL,False,Thursday,6,False,True
2025-06-05,The Riverside Hotel,hist-sup-006,HOTEL,Bakery Items,31.51,kg,AMBIENT,27.0,HIGH,False,Thursday,6,False,True
2025-06-06,Grand Horizon Hotel,hist-sup-001,HOTEL,Cooked Meals,101.55,kg,REFRIGERATED,6.7,MEDIUM,False,Friday,6,False,True
2025-06-06,Bistro Verde Restaurant,hist-sup-002,RESTAURANT,Bakery Items,14.95,kg,AMBIENT,28.3,HIGH,False,Friday,6,False,True
2025-06-06,Sunrise University Canteen,hist-sup-004,INSTITUTION,Cooked Meals,30.59,kg,REFRIGERATED,7.6,MEDIUM,False,Friday,6,False,True
2025-06-06,Harvest Organic Market,hist-sup-005,INSTITUTION,Fresh Produce,120.36,kg,AMBIENT,38.8,MEDIUM,False,Friday,6,False,True
2025-06-06,The Riverside Hotel,hist-sup-006,HOTEL,Cooked Meals,48.01,kg,REFRIGERATED,9.2,HIGH,False,Friday,6,False,True
2025-06-07,Grand Horizon Hotel,hist-sup-001,HOTEL,Cooked Meals,71.55,kg,REFRIGERATED,11.6,MEDIUM,False,Saturday,6,True,True
2025-06-07,Bistro Verde Restaurant,hist-sup-002,RESTAURANT,Cooked Meals,53.18,kg,REFRIGERATED,7.3,MEDIUM,False,Saturday,6,True,True
2025-06-07,Sunrise University Canteen,hist-sup-004,INSTITUTION,Fresh Produce,31.22,kg,AMBIENT,33.0,LOW,False,Saturday,6,True,True
2025-06-07,Harvest Organic Market,hist-sup-005,INSTITUTION,Bakery Items,21.59,kg,AMBIENT,17.5,LOW,False,Saturday,6,True,True
2025-06-07,The Riverside Hotel,hist-sup-006,HOTEL,Bakery Items,11.85,kg,AMBIENT,32.3,MEDIUM,False,Saturday,6,True,True
2025-06-08,Grand Horizon Hotel,hist-sup-001,HOTEL,Cooked Meals,108.49,kg,REFRIGERATED,5.5,MEDIUM,False,Sunday,6,True,True
2025-06-08,Bistro Verde Restaurant,hist-sup-002,RESTAURANT,Cooked Meals,63.69,kg,REFRIGERATED,11.6,MEDIUM,False,Sunday,6,True,True
2025-06-08,The Riverside Hotel,hist-sup-006,HOTEL,Bakery Items,43.13,kg,AMBIENT,23.0,LOW,False,Sunday,6,True,True
2025-06-09,Grand Horizon Hotel,hist-sup-001,HOTEL,Cooked Meals,64.19,kg,REFRIGERATED,10.6,HIGH,False,Monday,6,False,True
2025-06-09,Bistro Verde Restaurant,hist-sup-002,RESTAURANT,Cooked Meals,20.59,kg,REFRIGERATED,4.3,CRITICAL,False,Monday,6,False,True
2025-06-09,Sunrise University Canteen,hist-sup-004,INSTITUTION,Cooked Meals,44.27,kg,REFRIGERATED,8.1,HIGH,False,Monday,6,False,True
2025-06-09,Harvest Organic Market,hist-sup-005,INSTITUTION,Bakery Items,18.22,kg,AMBIENT,18.9,LOW,False,Monday,6,False,True
2025-06-09,The Riverside Hotel,hist-sup-006,HOTEL,Cooked Meals,47.52,kg,REFRIGERATED,11.2,MEDIUM,False,Monday,6,False,True
2025-06-10,Grand Horizon Hotel,hist-sup-001,HOTEL,Cooked Meals,87.87,kg,REFRIGERATED,11.5,HIGH,False,Tuesday,6,False,True
2025-06-10,Bistro Verde Restaurant,hist-sup-002,RESTAURANT,Bakery Items,12.72,kg,AMBIENT,12.6,MEDIUM,False,Tuesday,6,False,True
2025-06-10,Sunrise University Canteen,hist-sup-004,INSTITUTION,Fresh Produce,30.5,kg,AMBIENT,58.2,LOW,False,Tuesday,6,False,True
2025-06-10,Harvest Organic Market,hist-sup-005,INSTITUTION,Fresh Produce,35.73,kg,AMBIENT,45.6,MEDIUM,False,Tuesday,6,False,True
2025-06-10,The Riverside Hotel,hist-sup-006,HOTEL,Bakery Items,39.66,kg,AMBIENT,15.8,HIGH,False,Tuesday,6,False,True
2025-06-11,Grand Horizon Hotel,hist-sup-001,HOTEL,Cooked Meals,86.6,kg,REFRIGERATED,8.5,HIGH,False,Wednesday,6,False,True
2025-06-11,Bistro Verde Restaurant,hist-sup-002,RESTAURANT,Cooked Meals,13.14,kg,REFRIGERATED,6.5,HIGH,False,Wednesday,6,False,True
2025-06-11,Sunrise University Canteen,hist-sup-004,INSTITUTION,Cooked Meals,51.48,kg,REFRIGERATED,11.7,LOW,False,Wednesday,6,False,True
2025-06-11,Harvest Organic Market,hist-sup-005,INSTITUTION,Fresh Produce,69.99,kg,AMBIENT,24.3,HIGH,False,Wednesday,6,False,True
2025-06-11,The Riverside Hotel,hist-sup-006,HOTEL,Food Surplus,68.47,kg,AMBIENT,26.1,MEDIUM,False,Wednesday,6,False,True
2025-06-12,Grand Horizon Hotel,hist-sup-001,HOTEL,Cooked Meals,26.31,kg,REFRIGERATED,8.5,HIGH,False,Thursday,6,False,True
2025-06-12,Bistro Verde Restaurant,hist-sup-002,RESTAURANT,Cooked Meals,7.88,kg,REFRIGERATED,6.8,MEDIUM,False,Thursday,6,False,True
2025-06-12,Metropolitan Event Center,hist-sup-003,EVENT_VENUE,Cooked Meals,53.32,kg,REFRIGERATED,11.9,MEDIUM,False,Thursday,6,False,True
2025-06-12,Sunrise University Canteen,hist-sup-004,INSTITUTION,Cooked Meals,67.1,kg,REFRIGERATED,10.0,MEDIUM,False,Thursday,6,False,True
2025-06-12,Harvest Organic Market,hist-sup-005,INSTITUTION,Bakery Items,14.92,kg,AMBIENT,30.2,HIGH,False,Thursday,6,False,True
2025-06-12,The Riverside Hotel,hist-sup-006,HOTEL,Bakery Items,8.75,kg,AMBIENT,28.7,LOW,False,Thursday,6,False,True
2025-06-13,Grand Horizon Hotel,hist-sup-001,HOTEL,Cooked Meals,67.2,kg,REFRIGERATED,9.8,HIGH,False,Friday,6,False,True
2025-06-13,Sunrise University Canteen,hist-sup-004,INSTITUTION,Fresh Produce,69.6,kg,AMBIENT,64.7,LOW,False,Friday,6,False,True
2025-06-13,Harvest Organic Market,hist-sup-005,INSTITUTION,Bakery Items,24.34,kg,AMBIENT,29.5,MEDIUM,False,Friday,6,False,True
2025-06-13,The Riverside Hotel,hist-sup-006,HOTEL,Food Surplus,34.79,kg,AMBIENT,19.6,LOW,False,Friday,6,False,True
2025-06-14,Grand Horizon Hotel,hist-sup-001,HOTEL,Food Surplus,138.34,kg,AMBIENT,40.0,CRITICAL,False,Saturday,6,True,True
2025-06-14,Bistro Verde Restaurant,hist-sup-002,RESTAURANT,Bakery Items,17.86,kg,AMBIENT,31.3,LOW,False,Saturday,6,True,True
2025-06-14,Sunrise University Canteen,hist-sup-004,INSTITUTION,Fresh Produce,118.79,kg,AMBIENT,39.5,LOW,False,Saturday,6,True,True
2025-06-14,Harvest Organic Market,hist-sup-005,INSTITUTION,Bakery Items,21.43,kg,AMBIENT,25.7,HIGH,False,Saturday,6,True,True
2025-06-14,The Riverside Hotel,hist-sup-006,HOTEL,Cooked Meals,40.29,kg,REFRIGERATED,11.3,HIGH,False,Saturday,6,True,True
2025-06-15,Grand Horizon Hotel,hist-sup-001,HOTEL,Food Surplus,56.11,kg,AMBIENT,26.4,HIGH,False,Sunday,6,True,True
2025-06-15,Bistro Verde Restaurant,hist-sup-002,RESTAURANT,Bakery Items,22.13,kg,AMBIENT,32.0,LOW,False,Sunday,6,True,True
2025-06-15,The Riverside Hotel,hist-sup-006,HOTEL,Food Surplus,66.09,kg,AMBIENT,44.6,MEDIUM,False,Sunday,6,True,True
2025-06-16,Grand Horizon Hotel,hist-sup-001,HOTEL,Cooked Meals,51.04,kg,REFRIGERATED,9.0,HIGH,False,Monday,6,False,True
2025-06-16,Bistro Verde Restaurant,hist-sup-002,RESTAURANT,Bakery Items,8.34,kg,AMBIENT,14.8,HIGH,False,Monday,6,False,True
2025-06-16,Sunrise University Canteen,hist-sup-004,INSTITUTION,Cooked Meals,30.5,kg,REFRIGERATED,7.0,HIGH,False,Monday,6,False,True
2025-06-16,Harvest Organic Market,hist-sup-005,INSTITUTION,Bakery Items,9.66,kg,AMBIENT,21.0,LOW,False,Monday,6,False,True
2025-06-16,The Riverside Hotel,hist-sup-006,HOTEL,Cooked Meals,47.29,kg,REFRIGERATED,8.0,MEDIUM,False,Monday,6,False,True
2025-06-17,Grand Horizon Hotel,hist-sup-001,HOTEL,Food Surplus,115.68,kg,AMBIENT,13.7,HIGH,False,Tuesday,6,False,True
2025-06-17,Bistro Verde Restaurant,hist-sup-002,RESTAURANT,Cooked Meals,16.89,kg,REFRIGERATED,10.9,MEDIUM,False,Tuesday,6,False,True
2025-06-17,Sunrise University Canteen,hist-sup-004,INSTITUTION,Cooked Meals,28.7,kg,REFRIGERATED,11.1,MEDIUM,False,Tuesday,6,False,True
2025-06-17,Harvest Organic Market,hist-sup-005,INSTITUTION,Bakery Items,4.38,kg,AMBIENT,17.0,LOW,False,Tuesday,6,False,True
2025-06-17,The Riverside Hotel,hist-sup-006,HOTEL,Food Surplus,37.46,kg,AMBIENT,25.6,LOW,False,Tuesday,6,False,True
2025-06-18,Grand Horizon Hotel,hist-sup-001,HOTEL,Food Surplus,40.81,kg,AMBIENT,12.1,MEDIUM,False,Wednesday,6,False,True
2025-06-18,Bistro Verde Restaurant,hist-sup-002,RESTAURANT,Bakery Items,6.3,kg,AMBIENT,28.9,LOW,False,Wednesday,6,False,True
2025-06-18,Sunrise University Canteen,hist-sup-004,INSTITUTION,Fresh Produce,89.21,kg,AMBIENT,67.4,LOW,False,Wednesday,6,False,True
2025-06-18,Harvest Organic Market,hist-sup-005,INSTITUTION,Fresh Produce,60.36,kg,AMBIENT,32.6,MEDIUM,False,Wednesday,6,False,True
2025-06-18,The Riverside Hotel,hist-sup-006,HOTEL,Food Surplus,76.07,kg,AMBIENT,40.7,MEDIUM,False,Wednesday,6,False,True
2025-06-19,Grand Horizon Hotel,hist-sup-001,HOTEL,Cooked Meals,86.47,kg,REFRIGERATED,10.0,MEDIUM,False,Thursday,6,False,True
2025-06-19,Bistro Verde Restaurant,hist-sup-002,RESTAURANT,Bakery Items,5.15,kg,AMBIENT,30.4,MEDIUM,False,Thursday,6,False,True
2025-06-19,Sunrise University Canteen,hist-sup-004,INSTITUTION,Fresh Produce,155.54,kg,AMBIENT,42.8,MEDIUM,False,Thursday,6,False,True
2025-06-19,Harvest Organic Market,hist-sup-005,INSTITUTION,Bakery Items,18.25,kg,AMBIENT,20.4,MEDIUM,False,Thursday,6,False,True
2025-06-19,The Riverside Hotel,hist-sup-006,HOTEL,Bakery Items,29.22,kg,AMBIENT,15.1,MEDIUM,False,Thursday,6,False,True
2025-06-20,Grand Horizon Hotel,hist-sup-001,HOTEL,Cooked Meals,33.5,kg,REFRIGERATED,8.3,MEDIUM,False,Friday,6,False,True
2025-06-20,Bistro Verde Restaurant,hist-sup-002,RESTAURANT,Cooked Meals,23.0,kg,REFRIGERATED,11.8,MEDIUM,False,Friday,6,False,True
2025-06-20,Sunrise University Canteen,hist-sup-004,INSTITUTION,Fresh Produce,86.82,kg,AMBIENT,50.1,LOW,False,Friday,6,False,True
2025-06-20,Harvest Organic Market,hist-sup-005,INSTITUTION,Fresh Produce,98.82,kg,AMBIENT,58.2,HIGH,False,Friday,6,False,True
2025-06-20,The Riverside Hotel,hist-sup-006,HOTEL,Food Surplus,45.36,kg,AMBIENT,15.0,CRITICAL,False,Friday,6,False,True
2025-06-21,Grand Horizon Hotel,hist-sup-001,HOTEL,Cooked Meals,89.04,kg,REFRIGERATED,8.8,HIGH,False,Saturday,6,True,True
2025-06-21,Bistro Verde Restaurant,hist-sup-002,RESTAURANT,Cooked Meals,15.63,kg,REFRIGERATED,11.2,HIGH,False,Saturday,6,True,True
2025-06-21,Metropolitan Event Center,hist-sup-003,EVENT_VENUE,Food Surplus,106.12,kg,AMBIENT,26.1,LOW,False,Saturday,6,True,True
2025-06-21,Sunrise University Canteen,hist-sup-004,INSTITUTION,Fresh Produce,47.91,kg,AMBIENT,51.4,HIGH,False,Saturday,6,True,True
2025-06-21,Harvest Organic Market,hist-sup-005,INSTITUTION,Bakery Items,25.85,kg,AMBIENT,34.0,CRITICAL,False,Saturday,6,True,True
2025-06-21,The Riverside Hotel,hist-sup-006,HOTEL,Food Surplus,125.5,kg,AMBIENT,19.8,MEDIUM,False,Saturday,6,True,True
2025-06-22,Grand Horizon Hotel,hist-sup-001,HOTEL,Cooked Meals,17.82,kg,REFRIGERATED,8.5,CRITICAL,False,Sunday,6,True,True
2025-06-22,Bistro Verde Restaurant,hist-sup-002,RESTAURANT,Bakery Items,31.22,kg,AMBIENT,21.5,MEDIUM,False,Sunday,6,True,True
2025-06-22,The Riverside Hotel,hist-sup-006,HOTEL,Bakery Items,17.11,kg,AMBIENT,25.3,HIGH,False,Sunday,6,True,True
2025-06-23,Grand Horizon Hotel,hist-sup-001,HOTEL,Food Surplus,47.88,kg,AMBIENT,13.4,LOW,False,Monday,6,False,True
2025-06-23,Bistro Verde Restaurant,hist-sup-002,RESTAURANT,Bakery Items,18.6,kg,AMBIENT,35.4,LOW,False,Monday,6,False,True
2025-06-23,Metropolitan Event Center,hist-sup-003,EVENT_VENUE,Cooked Meals,125.6,kg,REFRIGERATED,11.4,HIGH,False,Monday,6,False,True
2025-06-23,Sunrise University Canteen,hist-sup-004,INSTITUTION,Fresh Produce,75.01,kg,AMBIENT,45.6,MEDIUM,False,Monday,6,False,True
2025-06-23,Harvest Organic Market,hist-sup-005,INSTITUTION,Fresh Produce,78.78,kg,AMBIENT,48.1,MEDIUM,False,Monday,6,False,True
2025-06-23,The Riverside Hotel,hist-sup-006,HOTEL,Bakery Items,6.07,kg,AMBIENT,12.9,MEDIUM,False,Monday,6,False,True
2025-06-24,Grand Horizon Hotel,hist-sup-001,HOTEL,Food Surplus,163.34,kg,AMBIENT,29.1,HIGH,False,Tuesday,6,False,True
2025-06-24,Bistro Verde Restaurant,hist-sup-002,RESTAURANT,Bakery Items,15.82,kg,AMBIENT,13.9,HIGH,False,Tuesday,6,False,True
2025-06-24,Metropolitan Event Center,hist-sup-003,EVENT_VENUE,Cooked Meals,72.56,kg,REFRIGERATED,9.5,MEDIUM,False,Tuesday,6,False,True
2025-06-24,Sunrise University Canteen,hist-sup-004,INSTITUTION,Cooked Meals,49.35,kg,REFRIGERATED,8.3,LOW,False,Tuesday,6,False,True
2025-06-24,Harvest Organic Market,hist-sup-005,INSTITUTION,Bakery Items,17.51,kg,AMBIENT,35.5,LOW,False,Tuesday,6,False,True
2025-06-24,The Riverside Hotel,hist-sup-006,HOTEL,Food Surplus,118.59,kg,AMBIENT,38.0,MEDIUM,False,Tuesday,6,False,True
2025-06-25,Grand Horizon Hotel,hist-sup-001,HOTEL,Cooked Meals,54.18,kg,REFRIGERATED,9.3,MEDIUM,False,Wednesday,6,False,True
2025-06-25,Bistro Verde Restaurant,hist-sup-002,RESTAURANT,Cooked Meals,16.54,kg,REFRIGERATED,4.7,HIGH,False,Wednesday,6,False,True
2025-06-25,Sunrise University Canteen,hist-sup-004,INSTITUTION,Cooked Meals,43.42,kg,REFRIGERATED,9.9,HIGH,False,Wednesday,6,False,True
2025-06-25,Harvest Organic Market,hist-sup-005,INSTITUTION,Fresh Produce,91.19,kg,AMBIENT,41.7,LOW,False,Wednesday,6,False,True
2025-06-25,The Riverside Hotel,hist-sup-006,HOTEL,Cooked Meals,47.19,kg,REFRIGERATED,6.7,LOW,False,Wednesday,6,False,True
2025-06-26,Grand Horizon Hotel,hist-sup-001,HOTEL,Cooked Meals,59.5,kg,REFRIGERATED,10.0,MEDIUM,False,Thursday,6,False,True
2025-06-26,Bistro Verde Restaurant,hist-sup-002,RESTAURANT,Bakery Items,22.23,kg,AMBIENT,32.2,LOW,False,Thursday,6,False,True
2025-06-26,Sunrise University Canteen,hist-sup-004,INSTITUTION,Cooked Meals,21.19,kg,REFRIGERATED,7.2,MEDIUM,False,Thursday,6,False,True
2025-06-26,Harvest Organic Market,hist-sup-005,INSTITUTION,Fresh Produce,52.65,kg,AMBIENT,31.0,HIGH,False,Thursday,6,False,True
2025-06-26,The Riverside Hotel,hist-sup-006,HOTEL,Bakery Items,16.63,kg,AMBIENT,19.6,MEDIUM,False,Thursday,6,False,True
2025-06-27,Grand Horizon Hotel,hist-sup-001,HOTEL,Cooked Meals,68.0,kg,REFRIGERATED,7.5,CRITICAL,False,Friday,6,False,True
2025-06-27,Bistro Verde Restaurant,hist-sup-002,RESTAURANT,Bakery Items,6.88,kg,AMBIENT,31.3,LOW,False,Friday,6,False,True
2025-06-27,Sunrise University Canteen,hist-sup-004,INSTITUTION,Cooked Meals,46.85,kg,REFRIGERATED,6.7,HIGH,False,Friday,6,False,True
2025-06-27,Harvest Organic Market,hist-sup-005,INSTITUTION,Fresh Produce,78.8,kg,AMBIENT,63.9,LOW,False,Friday,6,False,True
2025-06-27,The Riverside Hotel,hist-sup-006,HOTEL,Cooked Meals,48.87,kg,REFRIGERATED,6.0,MEDIUM,False,Friday,6,False,True
2025-06-28,Grand Horizon Hotel,hist-sup-001,HOTEL,Cooked Meals,153.23,kg,REFRIGERATED,9.3,HIGH,False,Saturday,6,True,True
2025-06-28,Sunrise University Canteen,hist-sup-004,INSTITUTION,Cooked Meals,16.55,kg,REFRIGERATED,10.1,HIGH,False,Saturday,6,True,True
2025-06-28,Harvest Organic Market,hist-sup-005,INSTITUTION,Fresh Produce,104.62,kg,AMBIENT,57.4,LOW,False,Saturday,6,True,True
2025-06-28,The Riverside Hotel,hist-sup-006,HOTEL,Cooked Meals,83.43,kg,REFRIGERATED,7.4,CRITICAL,False,Saturday,6,True,True
2025-06-29,Grand Horizon Hotel,hist-sup-001,HOTEL,Food Surplus,58.13,kg,AMBIENT,39.2,LOW,False,Sunday,6,True,True
2025-06-29,Bistro Verde Restaurant,hist-sup-002,RESTAURANT,Bakery Items,19.42,kg,AMBIENT,18.4,MEDIUM,False,Sunday,6,True,True
2025-06-29,The Riverside Hotel,hist-sup-006,HOTEL,Bakery Items,14.08,kg,AMBIENT,25.0,MEDIUM,False,Sunday,6,True,True
2025-06-30,Grand Horizon Hotel,hist-sup-001,HOTEL,Cooked Meals,88.14,kg,REFRIGERATED,4.6,HIGH,False,Monday,6,False,True
2025-06-30,Bistro Verde Restaurant,hist-sup-002,RESTAURANT,Bakery Items,3.51,kg,AMBIENT,23.9,MEDIUM,False,Monday,6,False,True
2025-06-30,Metropolitan Event Center,hist-sup-003,EVENT_VENUE,Food Surplus,121.42,kg,AMBIENT,44.2,MEDIUM,False,Monday,6,False,True
2025-06-30,Sunrise University Canteen,hist-sup-004,INSTITUTION,Fresh Produce,97.24,kg,AMBIENT,43.4,MEDIUM,False,Monday,6,False,True
2025-06-30,Harvest Organic Market,hist-sup-005,INSTITUTION,Fresh Produce,96.76,kg,AMBIENT,63.3,MEDIUM,False,Monday,6,False,True
2025-06-30,The Riverside Hotel,hist-sup-006,HOTEL,Bakery Items,18.18,kg,AMBIENT,19.3,LOW,False,Monday,6,False,True
2025-07-01,Grand Horizon Hotel,hist-sup-001,HOTEL,Cooked Meals,47.16,kg,REFRIGERATED,10.1,MEDIUM,True,Tuesday,7,False,True
2025-07-01,Bistro Verde Restaurant,hist-sup-002,RESTAURANT,Cooked Meals,72.49,kg,REFRIGERATED,6.4,MEDIUM,True,Tuesday,7,False,True
2025-07-01,Metropolitan Event Center,hist-sup-003,EVENT_VENUE,Cooked Meals,155.57,kg,REFRIGERATED,4.3,MEDIUM,True,Tuesday,7,False,True
2025-07-01,Sunrise University Canteen,hist-sup-004,INSTITUTION,Cooked Meals,40.8,kg,REFRIGERATED,8.3,MEDIUM,True,Tuesday,7,False,True
2025-07-01,Harvest Organic Market,hist-sup-005,INSTITUTION,Bakery Items,28.92,kg,AMBIENT,29.3,MEDIUM,True,Tuesday,7,False,True
2025-07-01,The Riverside Hotel,hist-sup-006,HOTEL,Food Surplus,109.38,kg,AMBIENT,35.1,HIGH,True,Tuesday,7,False,True
2025-07-02,Grand Horizon Hotel,hist-sup-001,HOTEL,Cooked Meals,109.2,kg,REFRIGERATED,7.8,CRITICAL,True,Wednesday,7,False,True
2025-07-02,Bistro Verde Restaurant,hist-sup-002,RESTAURANT,Cooked Meals,9.6,kg,REFRIGERATED,11.2,HIGH,True,Wednesday,7,False,True
2025-07-02,Metropolitan Event Center,hist-sup-003,EVENT_VENUE,Food Surplus,280.81,kg,AMBIENT,31.8,MEDIUM,True,Wednesday,7,False,True
2025-07-02,Sunrise University Canteen,hist-sup-004,INSTITUTION,Cooked Meals,39.67,kg,REFRIGERATED,11.9,HIGH,True,Wednesday,7,False,True
2025-07-02,Harvest Organic Market,hist-sup-005,INSTITUTION,Fresh Produce,70.03,kg,AMBIENT,32.3,LOW,True,Wednesday,7,False,True
2025-07-02,The Riverside Hotel,hist-sup-006,HOTEL,Bakery Items,14.45,kg,AMBIENT,16.0,MEDIUM,True,Wednesday,7,False,True
2025-07-03,Grand Horizon Hotel,hist-sup-001,HOTEL,Cooked Meals,21.34,kg,REFRIGERATED,4.1,HIGH,True,Thursday,7,False,True
2025-07-03,Bistro Verde Restaurant,hist-sup-002,RESTAURANT,Cooked Meals,47.16,kg,REFRIGERATED,8.7,MEDIUM,True,Thursday,7,False,True
2025-07-03,Sunrise University Canteen,hist-sup-004,INSTITUTION,Fresh Produce,107.06,kg,AMBIENT,43.8,HIGH,True,Thursday,7,False,True
2025-07-03,Harvest Organic Market,hist-sup-005,INSTITUTION,Fresh Produce,86.07,kg,AMBIENT,53.4,LOW,True,Thursday,7,False,True
2025-07-03,The Riverside Hotel,hist-sup-006,HOTEL,Bakery Items,19.99,kg,AMBIENT,24.7,LOW,True,Thursday,7,False,True
2025-07-04,Grand Horizon Hotel,hist-sup-001,HOTEL,Cooked Meals,68.0,kg,REFRIGERATED,5.7,MEDIUM,True,Friday,7,False,True
2025-07-04,Bistro Verde Restaurant,hist-sup-002,RESTAURANT,Cooked Meals,42.29,kg,REFRIGERATED,9.4,LOW,True,Friday,7,False,True
2025-07-04,Sunrise University Canteen,hist-sup-004,INSTITUTION,Fresh Produce,68.81,kg,AMBIENT,66.7,MEDIUM,True,Friday,7,False,True
2025-07-04,Harvest Organic Market,hist-sup-005,INSTITUTION,Fresh Produce,128.74,kg,AMBIENT,29.6,HIGH,True,Friday,7,False,True
2025-07-04,The Riverside Hotel,hist-sup-006,HOTEL,Food Surplus,72.39,kg,AMBIENT,37.9,HIGH,True,Friday,7,False,True
2025-07-05,Grand Horizon Hotel,hist-sup-001,HOTEL,Cooked Meals,58.61,kg,REFRIGERATED,7.0,MEDIUM,True,Saturday,7,True,True
2025-07-05,Bistro Verde Restaurant,hist-sup-002,RESTAURANT,Bakery Items,4.98,kg,AMBIENT,17.2,MEDIUM,True,Saturday,7,True,True
2025-07-05,Metropolitan Event Center,hist-sup-003,EVENT_VENUE,Cooked Meals,72.15,kg,REFRIGERATED,5.6,MEDIUM,True,Saturday,7,True,True
2025-07-05,Sunrise University Canteen,hist-sup-004,INSTITUTION,Cooked Meals,26.11,kg,REFRIGERATED,7.7,MEDIUM,True,Saturday,7,True,True
2025-07-05,Harvest Organic Market,hist-sup-005,INSTITUTION,Fresh Produce,154.1,kg,AMBIENT,53.4,LOW,True,Saturday,7,True,True
2025-07-05,The Riverside Hotel,hist-sup-006,HOTEL,Cooked Meals,22.71,kg,REFRIGERATED,7.9,CRITICAL,True,Saturday,7,True,True
2025-07-06,Grand Horizon Hotel,hist-sup-001,HOTEL,Food Surplus,82.55,kg,AMBIENT,21.1,MEDIUM,True,Sunday,7,True,True
2025-07-06,Bistro Verde Restaurant,hist-sup-002,RESTAURANT,Cooked Meals,72.75,kg,REFRIGERATED,7.3,LOW,True,Sunday,7,True,True
2025-07-06,The Riverside Hotel,hist-sup-006,HOTEL,Bakery Items,42.64,kg,AMBIENT,17.8,MEDIUM,True,Sunday,7,True,True
2025-07-07,Grand Horizon Hotel,hist-sup-001,HOTEL,Food Surplus,126.39,kg,AMBIENT,19.8,MEDIUM,True,Monday,7,False,True
2025-07-07,Bistro Verde Restaurant,hist-sup-002,RESTAURANT,Bakery Items,17.11,kg,AMBIENT,26.0,HIGH,True,Monday,7,False,True
2025-07-07,Metropolitan Event Center,hist-sup-003,EVENT_VENUE,Food Surplus,351.34,kg,AMBIENT,39.6,MEDIUM,True,Monday,7,False,True
2025-07-07,Sunrise University Canteen,hist-sup-004,INSTITUTION,Cooked Meals,69.2,kg,REFRIGERATED,4.3,HIGH,True,Monday,7,False,True
2025-07-07,Harvest Organic Market,hist-sup-005,INSTITUTION,Fresh Produce,97.29,kg,AMBIENT,66.3,MEDIUM,True,Monday,7,False,True
2025-07-07,The Riverside Hotel,hist-sup-006,HOTEL,Food Surplus,49.58,kg,AMBIENT,9.6,MEDIUM,True,Monday,7,False,True
2025-07-08,Grand Horizon Hotel,hist-sup-001,HOTEL,Cooked Meals,63.35,kg,REFRIGERATED,10.2,MEDIUM,False,Tuesday,7,False,True
2025-07-08,Bistro Verde Restaurant,hist-sup-002,RESTAURANT,Cooked Meals,31.4,kg,REFRIGERATED,11.0,HIGH,False,Tuesday,7,False,True
2025-07-08,Sunrise University Canteen,hist-sup-004,INSTITUTION,Fresh Produce,48.46,kg,AMBIENT,36.8,MEDIUM,False,Tuesday,7,False,True
2025-07-08,Harvest Organic Market,hist-sup-005,INSTITUTION,Fresh Produce,45.51,kg,AMBIENT,63.8,MEDIUM,False,Tuesday,7,False,True
2025-07-08,The Riverside Hotel,hist-sup-006,HOTEL,Food Surplus,106.32,kg,AMBIENT,26.1,MEDIUM,False,Tuesday,7,False,True
2025-07-09,Grand Horizon Hotel,hist-sup-001,HOTEL,Cooked Meals,28.08,kg,REFRIGERATED,7.1,MEDIUM,False,Wednesday,7,False,True
2025-07-09,Metropolitan Event Center,hist-sup-003,EVENT_VENUE,Food Surplus,62.58,kg,AMBIENT,35.9,MEDIUM,False,Wednesday,7,False,True
2025-07-09,Sunrise University Canteen,hist-sup-004,INSTITUTION,Cooked Meals,28.72,kg,REFRIGERATED,5.1,HIGH,False,Wednesday,7,False,True
2025-07-09,Harvest Organic Market,hist-sup-005,INSTITUTION,Fresh Produce,45.33,kg,AMBIENT,27.0,HIGH,False,Wednesday,7,False,True
2025-07-09,The Riverside Hotel,hist-sup-006,HOTEL,Food Surplus,68.12,kg,AMBIENT,33.8,MEDIUM,False,Wednesday,7,False,True
2025-07-10,Grand Horizon Hotel,hist-sup-001,HOTEL,Food Surplus,78.66,kg,AMBIENT,30.7,HIGH,False,Thursday,7,False,True
2025-07-10,Bistro Verde Restaurant,hist-sup-002,RESTAURANT,Bakery Items,7.64,kg,AMBIENT,32.3,LOW,False,Thursday,7,False,True
2025-07-10,Sunrise University Canteen,hist-sup-004,INSTITUTION,Cooked Meals,51.79,kg,REFRIGERATED,6.3,CRITICAL,False,Thursday,7,False,True
2025-07-10,Harvest Organic Market,hist-sup-005,INSTITUTION,Fresh Produce,46.8,kg,AMBIENT,51.6,MEDIUM,False,Thursday,7,False,True
2025-07-10,The Riverside Hotel,hist-sup-006,HOTEL,Cooked Meals,61.24,kg,REFRIGERATED,4.3,HIGH,False,Thursday,7,False,True
2025-07-11,Grand Horizon Hotel,hist-sup-001,HOTEL,Food Surplus,85.46,kg,AMBIENT,12.9,LOW,False,Friday,7,False,True
2025-07-11,Sunrise University Canteen,hist-sup-004,INSTITUTION,Fresh Produce,40.43,kg,AMBIENT,70.6,MEDIUM,False,Friday,7,False,True
2025-07-11,Harvest Organic Market,hist-sup-005,INSTITUTION,Bakery Items,14.29,kg,AMBIENT,35.5,MEDIUM,False,Friday,7,False,True
2025-07-11,The Riverside Hotel,hist-sup-006,HOTEL,Food Surplus,114.66,kg,AMBIENT,44.9,MEDIUM,False,Friday,7,False,True
2025-07-12,Grand Horizon Hotel,hist-sup-001,HOTEL,Food Surplus,167.5,kg,AMBIENT,20.3,MEDIUM,False,Saturday,7,True,True
2025-07-12,Bistro Verde Restaurant,hist-sup-002,RESTAURANT,Bakery Items,16.85,kg,AMBIENT,19.8,MEDIUM,False,Saturday,7,True,True
2025-07-12,Sunrise University Canteen,hist-sup-004,INSTITUTION,Fresh Produce,63.72,kg,AMBIENT,56.5,HIGH,False,Saturday,7,True,True
2025-07-12,Harvest Organic Market,hist-sup-005,INSTITUTION,Bakery Items,12.79,kg,AMBIENT,19.6,MEDIUM,False,Saturday,7,True,True
2025-07-12,The Riverside Hotel,hist-sup-006,HOTEL,Food Surplus,71.25,kg,AMBIENT,22.8,MEDIUM,False,Saturday,7,True,True
2025-07-13,Grand Horizon Hotel,hist-sup-001,HOTEL,Food Surplus,83.06,kg,AMBIENT,25.8,MEDIUM,False,Sunday,7,True,True
2025-07-13,Bistro Verde Restaurant,hist-sup-002,RESTAURANT,Bakery Items,22.36,kg,AMBIENT,15.9,HIGH,False,Sunday,7,True,True
2025-07-13,The Riverside Hotel,hist-sup-006,HOTEL,Food Surplus,32.02,kg,AMBIENT,16.3,MEDIUM,False,Sunday,7,True,True
2025-07-14,Grand Horizon Hotel,hist-sup-001,HOTEL,Food Surplus,34.89,kg,AMBIENT,11.5,MEDIUM,False,Monday,7,False,True
2025-07-14,Sunrise University Canteen,hist-sup-004,INSTITUTION,Cooked Meals,17.84,kg,REFRIGERATED,10.7,MEDIUM,False,Monday,7,False,True
2025-07-14,Harvest Organic Market,hist-sup-005,INSTITUTION,Bakery Items,23.28,kg,AMBIENT,23.1,LOW,False,Monday,7,False,True
2025-07-14,The Riverside Hotel,hist-sup-006,HOTEL,Bakery Items,19.23,kg,AMBIENT,27.4,MEDIUM,False,Monday,7,False,True
2025-07-15,Grand Horizon Hotel,hist-sup-001,HOTEL,Food Surplus,52.94,kg,AMBIENT,17.8,LOW,False,Tuesday,7,False,True
2025-07-15,Bistro Verde Restaurant,hist-sup-002,RESTAURANT,Cooked Meals,30.36,kg,REFRIGERATED,6.9,MEDIUM,False,Tuesday,7,False,True
2025-07-15,Sunrise University Canteen,hist-sup-004,INSTITUTION,Fresh Produce,145.52,kg,AMBIENT,59.2,LOW,False,Tuesday,7,False,True
2025-07-15,Harvest Organic Market,hist-sup-005,INSTITUTION,Fresh Produce,28.74,kg,AMBIENT,46.1,MEDIUM,False,Tuesday,7,False,True
2025-07-15,The Riverside Hotel,hist-sup-006,HOTEL,Cooked Meals,19.41,kg,REFRIGERATED,6.8,MEDIUM,False,Tuesday,7,False,True
2025-07-16,Grand Horizon Hotel,hist-sup-001,HOTEL,Cooked Meals,61.66,kg,REFRIGERATED,10.1,MEDIUM,False,Wednesday,7,False,True
2025-07-16,Bistro Verde Restaurant,hist-sup-002,RESTAURANT,Cooked Meals,33.21,kg,REFRIGERATED,9.5,MEDIUM,False,Wednesday,7,False,True
2025-07-16,Sunrise University Canteen,hist-sup-004,INSTITUTION,Cooked Meals,30.08,kg,REFRIGERATED,6.8,MEDIUM,False,Wednesday,7,False,True
2025-07-16,Harvest Organic Market,hist-sup-005,INSTITUTION,Bakery Items,11.33,kg,AMBIENT,33.9,LOW,False,Wednesday,7,False,True
2025-07-16,The Riverside Hotel,hist-sup-006,HOTEL,Cooked Meals,64.9,kg,REFRIGERATED,10.4,HIGH,False,Wednesday,7,False,True
2025-07-17,Grand Horizon Hotel,hist-sup-001,HOTEL,Cooked Meals,48.26,kg,REFRIGERATED,5.0,LOW,False,Thursday,7,False,True
2025-07-17,Bistro Verde Restaurant,hist-sup-002,RESTAURANT,Bakery Items,6.13,kg,AMBIENT,22.6,CRITICAL,False,Thursday,7,False,True
2025-07-17,Sunrise University Canteen,hist-sup-004,INSTITUTION,Cooked Meals,60.29,kg,REFRIGERATED,5.8,CRITICAL,False,Thursday,7,False,True
2025-07-17,Harvest Organic Market,hist-sup-005,INSTITUTION,Fresh Produce,50.92,kg,AMBIENT,34.1,CRITICAL,False,Thursday,7,False,True
2025-07-17,The Riverside Hotel,hist-sup-006,HOTEL,Cooked Meals,15.07,kg,REFRIGERATED,4.3,MEDIUM,False,Thursday,7,False,True
2025-07-18,Grand Horizon Hotel,hist-sup-001,HOTEL,Cooked Meals,37.17,kg,REFRIGERATED,11.3,LOW,False,Friday,7,False,True
2025-07-18,Bistro Verde Restaurant,hist-sup-002,RESTAURANT,Cooked Meals,38.78,kg,REFRIGERATED,5.6,CRITICAL,False,Friday,7,False,True
2025-07-18,Sunrise University Canteen,hist-sup-004,INSTITUTION,Cooked Meals,10.75,kg,REFRIGERATED,10.0,MEDIUM,False,Friday,7,False,True
2025-07-18,Harvest Organic Market,hist-sup-005,INSTITUTION,Bakery Items,5.85,kg,AMBIENT,17.8,MEDIUM,False,Friday,7,False,True
2025-07-18,The Riverside Hotel,hist-sup-006,HOTEL,Food Surplus,88.18,kg,AMBIENT,29.2,MEDIUM,False,Friday,7,False,True
2025-07-19,Grand Horizon Hotel,hist-sup-001,HOTEL,Cooked Meals,71.78,kg,REFRIGERATED,4.8,MEDIUM,False,Saturday,7,True,True
2025-07-19,Bistro Verde Restaurant,hist-sup-002,RESTAURANT,Bakery Items,13.57,kg,AMBIENT,26.1,MEDIUM,False,Saturday,7,True,True
2025-07-19,Sunrise University Canteen,hist-sup-004,INSTITUTION,Fresh Produce,127.55,kg,AMBIENT,43.6,MEDIUM,False,Saturday,7,True,True
2025-07-19,Harvest Organic Market,hist-sup-005,INSTITUTION,Bakery Items,9.06,kg,AMBIENT,15.3,HIGH,False,Saturday,7,True,True
2025-07-19,The Riverside Hotel,hist-sup-006,HOTEL,Food Surplus,116.69,kg,AMBIENT,23.4,MEDIUM,False,Saturday,7,True,True
2025-07-20,Grand Horizon Hotel,hist-sup-001,HOTEL,Food Surplus,60.64,kg,AMBIENT,24.3,CRITICAL,False,Sunday,7,True,True
2025-07-20,Bistro Verde Restaurant,hist-sup-002,RESTAURANT,Cooked Meals,65.52,kg,REFRIGERATED,6.9,LOW,False,Sunday,7,True,True
2025-07-20,The Riverside Hotel,hist-sup-006,HOTEL,Food Surplus,19.58,kg,AMBIENT,13.7,MEDIUM,False,Sunday,7,True,True
2025-07-21,Grand Horizon Hotel,hist-sup-001,HOTEL,Cooked Meals,76.65,kg,REFRIGERATED,6.9,MEDIUM,False,Monday,7,False,True
2025-07-21,Bistro Verde Restaurant,hist-sup-002,RESTAURANT,Bakery Items,5.66,kg,AMBIENT,32.1,MEDIUM,False,Monday,7,False,True
2025-07-21,Sunrise University Canteen,hist-sup-004,INSTITUTION,Fresh Produce,124.41,kg,AMBIENT,41.1,MEDIUM,False,Monday,7,False,True
2025-07-21,Harvest Organic Market,hist-sup-005,INSTITUTION,Bakery Items,10.97,kg,AMBIENT,15.5,MEDIUM,False,Monday,7,False,True
2025-07-21,The Riverside Hotel,hist-sup-006,HOTEL,Bakery Items,22.21,kg,AMBIENT,14.4,LOW,False,Monday,7,False,True
2025-07-22,Grand Horizon Hotel,hist-sup-001,HOTEL,Cooked Meals,84.97,kg,REFRIGERATED,7.1,HIGH,False,Tuesday,7,False,True
2025-07-22,Bistro Verde Restaurant,hist-sup-002,RESTAURANT,Cooked Meals,33.02,kg,REFRIGERATED,7.9,MEDIUM,False,Tuesday,7,False,True
2025-07-22,Sunrise University Canteen,hist-sup-004,INSTITUTION,Fresh Produce,73.4,kg,AMBIENT,62.9,MEDIUM,False,Tuesday,7,False,True
2025-07-22,Harvest Organic Market,hist-sup-005,INSTITUTION,Fresh Produce,120.14,kg,AMBIENT,45.6,HIGH,False,Tuesday,7,False,True
2025-07-22,The Riverside Hotel,hist-sup-006,HOTEL,Cooked Meals,10.96,kg,REFRIGERATED,8.5,HIGH,False,Tuesday,7,False,True
2025-07-23,Grand Horizon Hotel,hist-sup-001,HOTEL,Cooked Meals,59.44,kg,REFRIGERATED,7.9,MEDIUM,False,Wednesday,7,False,True
2025-07-23,Bistro Verde Restaurant,hist-sup-002,RESTAURANT,Bakery Items,16.48,kg,AMBIENT,32.5,MEDIUM,False,Wednesday,7,False,True
2025-07-23,Sunrise University Canteen,hist-sup-004,INSTITUTION,Fresh Produce,71.7,kg,AMBIENT,39.4,LOW,False,Wednesday,7,False,True
2025-07-23,Harvest Organic Market,hist-sup-005,INSTITUTION,Bakery Items,16.64,kg,AMBIENT,29.8,LOW,False,Wednesday,7,False,True
2025-07-23,The Riverside Hotel,hist-sup-006,HOTEL,Bakery Items,11.17,kg,AMBIENT,21.9,LOW,False,Wednesday,7,False,True
2025-07-24,Grand Horizon Hotel,hist-sup-001,HOTEL,Cooked Meals,77.01,kg,REFRIGERATED,8.7,CRITICAL,False,Thursday,7,False,True
2025-07-24,Bistro Verde Restaurant,hist-sup-002,RESTAURANT,Bakery Items,6.34,kg,AMBIENT,12.9,HIGH,False,Thursday,7,False,True
2025-07-24,Sunrise University Canteen,hist-sup-004,INSTITUTION,Fresh Produce,63.44,kg,AMBIENT,57.4,MEDIUM,False,Thursday,7,False,True
2025-07-24,Harvest Organic Market,hist-sup-005,INSTITUTION,Bakery Items,17.6,kg,AMBIENT,23.7,MEDIUM,False,Thursday,7,False,True
2025-07-24,The Riverside Hotel,hist-sup-006,HOTEL,Bakery Items,25.17,kg,AMBIENT,30.4,MEDIUM,False,Thursday,7,False,True
2025-07-25,Grand Horizon Hotel,hist-sup-001,HOTEL,Food Surplus,140.89,kg,AMBIENT,47.0,LOW,False,Friday,7,False,True
2025-07-25,Bistro Verde Restaurant,hist-sup-002,RESTAURANT,Cooked Meals,20.95,kg,REFRIGERATED,4.4,CRITICAL,False,Friday,7,False,True
2025-07-25,Sunrise University Canteen,hist-sup-004,INSTITUTION,Cooked Meals,39.4,kg,REFRIGERATED,6.2,HIGH,False,Friday,7,False,True
2025-07-25,Harvest Organic Market,hist-sup-005,INSTITUTION,Bakery Items,8.12,kg,AMBIENT,31.1,MEDIUM,False,Friday,7,False,True
2025-07-25,The Riverside Hotel,hist-sup-006,HOTEL,Bakery Items,19.1,kg,AMBIENT,21.7,MEDIUM,False,Friday,7,False,True
2025-07-26,Grand Horizon Hotel,hist-sup-001,HOTEL,Cooked Meals,113.09,kg,REFRIGERATED,9.0,MEDIUM,False,Saturday,7,True,True
2025-07-26,Bistro Verde Restaurant,hist-sup-002,RESTAURANT,Bakery Items,12.97,kg,AMBIENT,23.2,HIGH,False,Saturday,7,True,True
2025-07-26,Sunrise University Canteen,hist-sup-004,INSTITUTION,Fresh Produce,137.38,kg,AMBIENT,58.9,LOW,False,Saturday,7,True,True
2025-07-26,Harvest Organic Market,hist-sup-005,INSTITUTION,Bakery Items,10.89,kg,AMBIENT,19.2,MEDIUM,False,Saturday,7,True,True
2025-07-26,The Riverside Hotel,hist-sup-006,HOTEL,Cooked Meals,84.72,kg,REFRIGERATED,10.8,MEDIUM,False,Saturday,7,True,True
2025-07-27,Grand Horizon Hotel,hist-sup-001,HOTEL,Cooked Meals,39.67,kg,REFRIGERATED,4.9,MEDIUM,False,Sunday,7,True,True
2025-07-27,Bistro Verde Restaurant,hist-sup-002,RESTAURANT,Bakery Items,16.22,kg,AMBIENT,25.4,MEDIUM,False,Sunday,7,True,True
2025-07-27,Sunrise University Canteen,hist-sup-004,INSTITUTION,Cooked Meals,40.8,kg,REFRIGERATED,6.2,HIGH,False,Sunday,7,True,True
2025-07-27,The Riverside Hotel,hist-sup-006,HOTEL,Food Surplus,78.25,kg,AMBIENT,8.8,HIGH,False,Sunday,7,True,True
2025-07-28,Grand Horizon Hotel,hist-sup-001,HOTEL,Food Surplus,135.65,kg,AMBIENT,22.5,MEDIUM,False,Monday,7,False,True
2025-07-28,Bistro Verde Restaurant,hist-sup-002,RESTAURANT,Cooked Meals,13.96,kg,REFRIGERATED,8.6,MEDIUM,False,Monday,7,False,True
2025-07-28,Metropolitan Event Center,hist-sup-003,EVENT_VENUE,Cooked Meals,75.74,kg,REFRIGERATED,10.2,MEDIUM,False,Monday,7,False,True
2025-07-28,Sunrise University Canteen,hist-sup-004,INSTITUTION,Fresh Produce,130.38,kg,AMBIENT,59.7,HIGH,False,Monday,7,False,True
2025-07-28,Harvest Organic Market,hist-sup-005,INSTITUTION,Fresh Produce,41.56,kg,AMBIENT,36.2,MEDIUM,False,Monday,7,False,True
2025-07-28,The Riverside Hotel,hist-sup-006,HOTEL,Bakery Items,30.02,kg,AMBIENT,14.7,MEDIUM,False,Monday,7,False,True
2025-07-29,Grand Horizon Hotel,hist-sup-001,HOTEL,Cooked Meals,112.45,kg,REFRIGERATED,6.9,HIGH,False,Tuesday,7,False,True
2025-07-29,Bistro Verde Restaurant,hist-sup-002,RESTAURANT,Cooked Meals,24.16,kg,REFRIGERATED,11.2,LOW,False,Tuesday,7,False,True
2025-07-29,Sunrise University Canteen,hist-sup-004,INSTITUTION,Cooked Meals,47.61,kg,REFRIGERATED,8.4,MEDIUM,False,Tuesday,7,False,True
2025-07-29,Harvest Organic Market,hist-sup-005,INSTITUTION,Bakery Items,23.74,kg,AMBIENT,28.4,MEDIUM,False,Tuesday,7,False,True
2025-07-29,The Riverside Hotel,hist-sup-006,HOTEL,Bakery Items,21.99,kg,AMBIENT,35.5,LOW,False,Tuesday,7,False,True
2025-07-30,Grand Horizon Hotel,hist-sup-001,HOTEL,Cooked Meals,32.76,kg,REFRIGERATED,10.9,MEDIUM,False,Wednesday,7,False,True
2025-07-30,Bistro Verde Restaurant,hist-sup-002,RESTAURANT,Bakery Items,23.49,kg,AMBIENT,12.8,HIGH,False,Wednesday,7,False,True
2025-07-30,Sunrise University Canteen,hist-sup-004,INSTITUTION,Fresh Produce,92.82,kg,AMBIENT,68.5,MEDIUM,False,Wednesday,7,False,True
2025-07-30,Harvest Organic Market,hist-sup-005,INSTITUTION,Fresh Produce,92.41,kg,AMBIENT,40.9,MEDIUM,False,Wednesday,7,False,True
2025-07-30,The Riverside Hotel,hist-sup-006,HOTEL,Food Surplus,39.28,kg,AMBIENT,35.8,MEDIUM,False,Wednesday,7,False,True
2025-07-31,Grand Horizon Hotel,hist-sup-001,HOTEL,Cooked Meals,63.85,kg,REFRIGERATED,7.2,HIGH,False,Thursday,7,False,True
2025-07-31,Bistro Verde Restaurant,hist-sup-002,RESTAURANT,Cooked Meals,9.46,kg,REFRIGERATED,6.0,HIGH,False,Thursday,7,False,True
2025-07-31,Sunrise University Canteen,hist-sup-004,INSTITUTION,Cooked Meals,49.31,kg,REFRIGERATED,6.6,MEDIUM,False,Thursday,7,False,True
2025-07-31,Harvest Organic Market,hist-sup-005,INSTITUTION,Bakery Items,6.08,kg,AMBIENT,26.2,MEDIUM,False,Thursday,7,False,True
2025-07-31,The Riverside Hotel,hist-sup-006,HOTEL,Cooked Meals,41.31,kg,REFRIGERATED,11.6,HIGH,False,Thursday,7,False,True
2025-08-01,Grand Horizon Hotel,hist-sup-001,HOTEL,Cooked Meals,115.61,kg,REFRIGERATED,9.2,HIGH,False,Friday,8,False,True
2025-08-01,Sunrise University Canteen,hist-sup-004,INSTITUTION,Cooked Meals,9.55,kg,REFRIGERATED,5.2,CRITICAL,False,Friday,8,False,True
2025-08-01,Harvest Organic Market,hist-sup-005,INSTITUTION,Fresh Produce,17.6,kg,AMBIENT,49.2,MEDIUM,False,Friday,8,False,True
2025-08-01,The Riverside Hotel,hist-sup-006,HOTEL,Food Surplus,65.52,kg,AMBIENT,45.8,HIGH,False,Friday,8,False,True
2025-08-02,Grand Horizon Hotel,hist-sup-001,HOTEL,Food Surplus,87.23,kg,AMBIENT,25.3,LOW,False,Saturday,8,True,True
2025-08-02,Bistro Verde Restaurant,hist-sup-002,RESTAURANT,Bakery Items,27.27,kg,AMBIENT,31.0,LOW,False,Saturday,8,True,True
2025-08-02,Sunrise University Canteen,hist-sup-004,INSTITUTION,Fresh Produce,154.28,kg,AMBIENT,41.7,MEDIUM,False,Saturday,8,True,True
2025-08-02,Harvest Organic Market,hist-sup-005,INSTITUTION,Fresh Produce,89.76,kg,AMBIENT,43.1,LOW,False,Saturday,8,True,True
2025-08-02,The Riverside Hotel,hist-sup-006,HOTEL,Bakery Items,30.58,kg,AMBIENT,18.1,LOW,False,Saturday,8,True,True
2025-08-03,Grand Horizon Hotel,hist-sup-001,HOTEL,Food Surplus,135.57,kg,AMBIENT,32.3,MEDIUM,False,Sunday,8,True,True
2025-08-03,Bistro Verde Restaurant,hist-sup-002,RESTAURANT,Cooked Meals,9.02,kg,REFRIGERATED,8.0,MEDIUM,False,Sunday,8,True,True
2025-08-03,Harvest Organic Market,hist-sup-005,INSTITUTION,Fresh Produce,80.85,kg,AMBIENT,68.7,HIGH,False,Sunday,8,True,True
2025-08-03,The Riverside Hotel,hist-sup-006,HOTEL,Bakery Items,49.45,kg,AMBIENT,22.4,LOW,False,Sunday,8,True,True
2025-08-04,Grand Horizon Hotel,hist-sup-001,HOTEL,Cooked Meals,60.98,kg,REFRIGERATED,6.9,MEDIUM,False,Monday,8,False,True
2025-08-04,Sunrise University Canteen,hist-sup-004,INSTITUTION,Fresh Produce,81.79,kg,AMBIENT,44.9,LOW,False,Monday,8,False,True
2025-08-04,Harvest Organic Market,hist-sup-005,INSTITUTION,Bakery Items,27.83,kg,AMBIENT,27.8,MEDIUM,False,Monday,8,False,True
2025-08-04,The Riverside Hotel,hist-sup-006,HOTEL,Cooked Meals,16.85,kg,REFRIGERATED,5.5,HIGH,False,Monday,8,False,True
2025-08-05,Grand Horizon Hotel,hist-sup-001,HOTEL,Food Surplus,97.42,kg,AMBIENT,9.6,MEDIUM,False,Tuesday,8,False,True
2025-08-05,Bistro Verde Restaurant,hist-sup-002,RESTAURANT,Bakery Items,13.85,kg,AMBIENT,14.7,HIGH,False,Tuesday,8,False,True
2025-08-05,Metropolitan Event Center,hist-sup-003,EVENT_VENUE,Cooked Meals,26.66,kg,REFRIGERATED,5.3,HIGH,False,Tuesday,8,False,True
2025-08-05,Sunrise University Canteen,hist-sup-004,INSTITUTION,Cooked Meals,39.39,kg,REFRIGERATED,11.8,MEDIUM,False,Tuesday,8,False,True
2025-08-05,Harvest Organic Market,hist-sup-005,INSTITUTION,Bakery Items,28.0,kg,AMBIENT,14.3,MEDIUM,False,Tuesday,8,False,True
2025-08-05,The Riverside Hotel,hist-sup-006,HOTEL,Food Surplus,33.75,kg,AMBIENT,22.9,HIGH,False,Tuesday,8,False,True
2025-08-06,Grand Horizon Hotel,hist-sup-001,HOTEL,Food Surplus,48.72,kg,AMBIENT,34.4,MEDIUM,False,Wednesday,8,False,True
2025-08-06,Sunrise University Canteen,hist-sup-004,INSTITUTION,Cooked Meals,53.0,kg,REFRIGERATED,11.6,MEDIUM,False,Wednesday,8,False,True
2025-08-06,Harvest Organic Market,hist-sup-005,INSTITUTION,Fresh Produce,47.24,kg,AMBIENT,39.5,LOW,False,Wednesday,8,False,True
2025-08-06,The Riverside Hotel,hist-sup-006,HOTEL,Food Surplus,57.12,kg,AMBIENT,24.0,LOW,False,Wednesday,8,False,True
2025-08-07,Grand Horizon Hotel,hist-sup-001,HOTEL,Food Surplus,33.12,kg,AMBIENT,39.2,LOW,False,Thursday,8,False,True
2025-08-07,Bistro Verde Restaurant,hist-sup-002,RESTAURANT,Cooked Meals,10.37,kg,REFRIGERATED,7.9,MEDIUM,False,Thursday,8,False,True
2025-08-07,Sunrise University Canteen,hist-sup-004,INSTITUTION,Cooked Meals,32.72,kg,REFRIGERATED,5.6,HIGH,False,Thursday,8,False,True
2025-08-07,Harvest Organic Market,hist-sup-005,INSTITUTION,Bakery Items,20.02,kg,AMBIENT,22.2,MEDIUM,False,Thursday,8,False,True
2025-08-07,The Riverside Hotel,hist-sup-006,HOTEL,Food Surplus,33.31,kg,AMBIENT,28.5,HIGH,False,Thursday,8,False,True
2025-08-08,Grand Horizon Hotel,hist-sup-001,HOTEL,Cooked Meals,86.61,kg,REFRIGERATED,8.2,HIGH,False,Friday,8,False,True
2025-08-08,Bistro Verde Restaurant,hist-sup-002,RESTAURANT,Bakery Items,15.45,kg,AMBIENT,15.6,MEDIUM,False,Friday,8,False,True
2025-08-08,Sunrise University Canteen,hist-sup-004,INSTITUTION,Fresh Produce,52.26,kg,AMBIENT,26.3,LOW,False,Friday,8,False,True
2025-08-08,Harvest Organic Market,hist-sup-005,INSTITUTION,Fresh Produce,58.0,kg,AMBIENT,58.6,HIGH,False,Friday,8,False,True
2025-08-08,The Riverside Hotel,hist-sup-006,HOTEL,Food Surplus,26.99,kg,AMBIENT,28.1,LOW,False,Friday,8,False,True
2025-08-09,Grand Horizon Hotel,hist-sup-001,HOTEL,Cooked Meals,113.06,kg,REFRIGERATED,7.3,HIGH,False,Saturday,8,True,True
2025-08-09,Bistro Verde Restaurant,hist-sup-002,RESTAURANT,Bakery Items,26.24,kg,AMBIENT,22.8,HIGH,False,Saturday,8,True,True
2025-08-09,Sunrise University Canteen,hist-sup-004,INSTITUTION,Cooked Meals,39.73,kg,REFRIGERATED,6.1,HIGH,False,Saturday,8,True,True
2025-08-09,Harvest Organic Market,hist-sup-005,INSTITUTION,Fresh Produce,25.9,kg,AMBIENT,29.6,LOW,False,Saturday,8,True,True
2025-08-09,The Riverside Hotel,hist-sup-006,HOTEL,Food Surplus,57.99,kg,AMBIENT,37.0,MEDIUM,False,Saturday,8,True,True
2025-08-10,Grand Horizon Hotel,hist-sup-001,HOTEL,Food Surplus,97.62,kg,AMBIENT,46.5,MEDIUM,False,Sunday,8,True,True
2025-08-10,Bistro Verde Restaurant,hist-sup-002,RESTAURANT,Cooked Meals,17.06,kg,REFRIGERATED,4.1,CRITICAL,False,Sunday,8,True,True
2025-08-10,The Riverside Hotel,hist-sup-006,HOTEL,Bakery Items,48.81,kg,AMBIENT,32.6,MEDIUM,False,Sunday,8,True,True
2025-08-11,Grand Horizon Hotel,hist-sup-001,HOTEL,Food Surplus,35.89,kg,AMBIENT,44.1,MEDIUM,False,Monday,8,False,True
2025-08-11,Bistro Verde Restaurant,hist-sup-002,RESTAURANT,Bakery Items,14.82,kg,AMBIENT,32.6,MEDIUM,False,Monday,8,False,True
2025-08-11,Sunrise University Canteen,hist-sup-004,INSTITUTION,Fresh Produce,35.39,kg,AMBIENT,58.2,HIGH,False,Monday,8,False,True
2025-08-11,Harvest Organic Market,hist-sup-005,INSTITUTION,Bakery Items,4.77,kg,AMBIENT,21.6,MEDIUM,False,Monday,8,False,True
2025-08-11,The Riverside Hotel,hist-sup-006,HOTEL,Food Surplus,111.62,kg,AMBIENT,10.4,LOW,False,Monday,8,False,True
2025-08-12,Grand Horizon Hotel,hist-sup-001,HOTEL,Cooked Meals,32.02,kg,REFRIGERATED,9.2,HIGH,False,Tuesday,8,False,True
2025-08-12,Bistro Verde Restaurant,hist-sup-002,RESTAURANT,Bakery Items,12.65,kg,AMBIENT,29.4,MEDIUM,False,Tuesday,8,False,True
2025-08-12,Sunrise University Canteen,hist-sup-004,INSTITUTION,Fresh Produce,135.14,kg,AMBIENT,65.0,MEDIUM,False,Tuesday,8,False,True
2025-08-12,Harvest Organic Market,hist-sup-005,INSTITUTION,Bakery Items,19.97,kg,AMBIENT,34.6,MEDIUM,False,Tuesday,8,False,True
2025-08-12,The Riverside Hotel,hist-sup-006,HOTEL,Bakery Items,39.24,kg,AMBIENT,32.3,MEDIUM,False,Tuesday,8,False,True
2025-08-13,Grand Horizon Hotel,hist-sup-001,HOTEL,Cooked Meals,73.41,kg,REFRIGERATED,8.8,MEDIUM,False,Wednesday,8,False,True
2025-08-13,Bistro Verde Restaurant,hist-sup-002,RESTAURANT,Bakery Items,11.16,kg,AMBIENT,17.0,LOW,False,Wednesday,8,False,True
2025-08-13,Metropolitan Event Center,hist-sup-003,EVENT_VENUE,Cooked Meals,61.08,kg,REFRIGERATED,11.2,LOW,False,Wednesday,8,False,True
2025-08-13,Sunrise University Canteen,hist-sup-004,INSTITUTION,Fresh Produce,45.19,kg,AMBIENT,34.9,MEDIUM,False,Wednesday,8,False,True
2025-08-13,Harvest Organic Market,hist-sup-005,INSTITUTION,Bakery Items,25.09,kg,AMBIENT,25.4,HIGH,False,Wednesday,8,False,True
2025-08-13,The Riverside Hotel,hist-sup-006,HOTEL,Food Surplus,55.9,kg,AMBIENT,12.2,LOW,False,Wednesday,8,False,True
2025-08-14,Grand Horizon Hotel,hist-sup-001,HOTEL,Food Surplus,136.78,kg,AMBIENT,39.3,MEDIUM,False,Thursday,8,False,True
2025-08-14,Bistro Verde Restaurant,hist-sup-002,RESTAURANT,Cooked Meals,24.32,kg,REFRIGERATED,4.3,MEDIUM,False,Thursday,8,False,True
2025-08-14,Sunrise University Canteen,hist-sup-004,INSTITUTION,Fresh Produce,39.81,kg,AMBIENT,48.3,MEDIUM,False,Thursday,8,False,True
2025-08-14,Harvest Organic Market,hist-sup-005,INSTITUTION,Bakery Items,14.48,kg,AMBIENT,15.3,HIGH,False,Thursday,8,False,True
2025-08-14,The Riverside Hotel,hist-sup-006,HOTEL,Bakery Items,44.37,kg,AMBIENT,23.4,LOW,False,Thursday,8,False,True
2025-08-15,Grand Horizon Hotel,hist-sup-001,HOTEL,Food Surplus,87.17,kg,AMBIENT,22.4,MEDIUM,True,Friday,8,False,True
2025-08-15,Bistro Verde Restaurant,hist-sup-002,RESTAURANT,Bakery Items,17.26,kg,AMBIENT,33.6,HIGH,True,Friday,8,False,True
2025-08-15,Metropolitan Event Center,hist-sup-003,EVENT_VENUE,Cooked Meals,295.75,kg,REFRIGERATED,10.2,HIGH,True,Friday,8,False,True
2025-08-15,Sunrise University Canteen,hist-sup-004,INSTITUTION,Cooked Meals,17.27,kg,REFRIGERATED,4.5,HIGH,True,Friday,8,False,True
2025-08-15,Harvest Organic Market,hist-sup-005,INSTITUTION,Fresh Produce,116.16,kg,AMBIENT,54.3,MEDIUM,True,Friday,8,False,True
2025-08-15,The Riverside Hotel,hist-sup-006,HOTEL,Food Surplus,159.2,kg,AMBIENT,42.9,MEDIUM,True,Friday,8,False,True
2025-08-16,Grand Horizon Hotel,hist-sup-001,HOTEL,Food Surplus,26.25,kg,AMBIENT,29.1,HIGH,True,Saturday,8,True,True
2025-08-16,Bistro Verde Restaurant,hist-sup-002,RESTAURANT,Bakery Items,27.76,kg,AMBIENT,22.6,MEDIUM,True,Saturday,8,True,True
2025-08-16,Sunrise University Canteen,hist-sup-004,INSTITUTION,Cooked Meals,80.24,kg,REFRIGERATED,8.3,MEDIUM,True,Saturday,8,True,True
2025-08-16,Harvest Organic Market,hist-sup-005,INSTITUTION,Fresh Produce,99.16,kg,AMBIENT,39.0,MEDIUM,True,Saturday,8,True,True
2025-08-16,The Riverside Hotel,hist-sup-006,HOTEL,Cooked Meals,25.91,kg,REFRIGERATED,8.7,MEDIUM,True,Saturday,8,True,True
2025-08-17,Grand Horizon Hotel,hist-sup-001,HOTEL,Food Surplus,212.43,kg,AMBIENT,33.1,MEDIUM,True,Sunday,8,True,True
2025-08-17,Bistro Verde Restaurant,hist-sup-002,RESTAURANT,Cooked Meals,47.04,kg,REFRIGERATED,4.0,HIGH,True,Sunday,8,True,True
2025-08-17,Metropolitan Event Center,hist-sup-003,EVENT_VENUE,Food Surplus,204.97,kg,AMBIENT,34.9,MEDIUM,True,Sunday,8,True,True
2025-08-17,The Riverside Hotel,hist-sup-006,HOTEL,Food Surplus,43.61,kg,AMBIENT,26.2,LOW,True,Sunday,8,True,True
2025-08-18,Grand Horizon Hotel,hist-sup-001,HOTEL,Food Surplus,38.67,kg,AMBIENT,25.8,MEDIUM,True,Monday,8,False,True
2025-08-18,Bistro Verde Restaurant,hist-sup-002,RESTAURANT,Bakery Items,26.85,kg,AMBIENT,27.3,CRITICAL,True,Monday,8,False,True
2025-08-18,Sunrise University Canteen,hist-sup-004,INSTITUTION,Fresh Produce,158.76,kg,AMBIENT,30.2,MEDIUM,True,Monday,8,False,True
2025-08-18,Harvest Organic Market,hist-sup-005,INSTITUTION,Fresh Produce,123.22,kg,AMBIENT,25.6,LOW,True,Monday,8,False,True
2025-08-18,The Riverside Hotel,hist-sup-006,HOTEL,Cooked Meals,71.59,kg,REFRIGERATED,4.3,MEDIUM,True,Monday,8,False,True
2025-08-19,Grand Horizon Hotel,hist-sup-001,HOTEL,Food Surplus,80.23,kg,AMBIENT,39.6,LOW,True,Tuesday,8,False,True
2025-08-19,Bistro Verde Restaurant,hist-sup-002,RESTAURANT,Cooked Meals,53.46,kg,REFRIGERATED,9.9,LOW,True,Tuesday,8,False,True
2025-08-19,Metropolitan Event Center,hist-sup-003,EVENT_VENUE,Food Surplus,375.43,kg,AMBIENT,30.9,MEDIUM,True,Tuesday,8,False,True
2025-08-19,Sunrise University Canteen,hist-sup-004,INSTITUTION,Fresh Produce,82.76,kg,AMBIENT,48.2,MEDIUM,True,Tuesday,8,False,True
2025-08-19,Harvest Organic Market,hist-sup-005,INSTITUTION,Bakery Items,8.51,kg,AMBIENT,14.1,HIGH,True,Tuesday,8,False,True
2025-08-19,The Riverside Hotel,hist-sup-006,HOTEL,Bakery Items,11.0,kg,AMBIENT,33.4,MEDIUM,True,Tuesday,8,False,True
2025-08-20,Grand Horizon Hotel,hist-sup-001,HOTEL,Cooked Meals,82.83,kg,REFRIGERATED,10.4,HIGH,True,Wednesday,8,False,True
2025-08-20,Bistro Verde Restaurant,hist-sup-002,RESTAURANT,Cooked Meals,44.3,kg,REFRIGERATED,10.1,CRITICAL,True,Wednesday,8,False,True
2025-08-20,Metropolitan Event Center,hist-sup-003,EVENT_VENUE,Cooked Meals,117.94,kg,REFRIGERATED,9.3,MEDIUM,True,Wednesday,8,False,True
2025-08-20,Sunrise University Canteen,hist-sup-004,INSTITUTION,Fresh Produce,123.19,kg,AMBIENT,45.3,HIGH,True,Wednesday,8,False,True
2025-08-20,Harvest Organic Market,hist-sup-005,INSTITUTION,Bakery Items,16.72,kg,AMBIENT,34.4,MEDIUM,True,Wednesday,8,False,True
2025-08-20,The Riverside Hotel,hist-sup-006,HOTEL,Cooked Meals,82.27,kg,REFRIGERATED,4.8,MEDIUM,True,Wednesday,8,False,True
2025-08-21,Grand Horizon Hotel,hist-sup-001,HOTEL,Food Surplus,137.63,kg,AMBIENT,46.1,MEDIUM,True,Thursday,8,False,True
2025-08-21,Bistro Verde Restaurant,hist-sup-002,RESTAURANT,Bakery Items,9.73,kg,AMBIENT,15.4,HIGH,True,Thursday,8,False,True
2025-08-21,Metropolitan Event Center,hist-sup-003,EVENT_VENUE,Food Surplus,73.39,kg,AMBIENT,31.9,LOW,True,Thursday,8,False,True
2025-08-21,Sunrise University Canteen,hist-sup-004,INSTITUTION,Fresh Produce,145.49,kg,AMBIENT,27.1,LOW,True,Thursday,8,False,True
2025-08-21,Harvest Organic Market,hist-sup-005,INSTITUTION,Fresh Produce,72.83,kg,AMBIENT,56.4,LOW,True,Thursday,8,False,True
2025-08-21,The Riverside Hotel,hist-sup-006,HOTEL,Cooked Meals,44.61,kg,REFRIGERATED,5.6,CRITICAL,True,Thursday,8,False,True
2025-08-22,Grand Horizon Hotel,hist-sup-001,HOTEL,Cooked Meals,86.83,kg,REFRIGERATED,8.3,MEDIUM,False,Friday,8,False,True
2025-08-22,Sunrise University Canteen,hist-sup-004,INSTITUTION,Fresh Produce,113.77,kg,AMBIENT,32.0,LOW,False,Friday,8,False,True
2025-08-22,Harvest Organic Market,hist-sup-005,INSTITUTION,Bakery Items,16.51,kg,AMBIENT,32.1,MEDIUM,False,Friday,8,False,True
2025-08-22,The Riverside Hotel,hist-sup-006,HOTEL,Food Surplus,39.88,kg,AMBIENT,14.5,MEDIUM,False,Friday,8,False,True
2025-08-23,Grand Horizon Hotel,hist-sup-001,HOTEL,Cooked Meals,57.33,kg,REFRIGERATED,5.0,MEDIUM,False,Saturday,8,True,True
2025-08-23,Bistro Verde Restaurant,hist-sup-002,RESTAURANT,Bakery Items,32.28,kg,AMBIENT,31.2,HIGH,False,Saturday,8,True,True
2025-08-23,Sunrise University Canteen,hist-sup-004,INSTITUTION,Fresh Produce,71.03,kg,AMBIENT,55.8,MEDIUM,False,Saturday,8,True,True
2025-08-23,Harvest Organic Market,hist-sup-005,INSTITUTION,Bakery Items,4.99,kg,AMBIENT,12.0,MEDIUM,False,Saturday,8,True,True
2025-08-23,The Riverside Hotel,hist-sup-006,HOTEL,Food Surplus,32.22,kg,AMBIENT,30.2,MEDIUM,False,Saturday,8,True,True
2025-08-24,Grand Horizon Hotel,hist-sup-001,HOTEL,Food Surplus,106.59,kg,AMBIENT,11.1,LOW,False,Sunday,8,True,True
2025-08-24,Bistro Verde Restaurant,hist-sup-002,RESTAURANT,Bakery Items,19.48,kg,AMBIENT,20.5,HIGH,False,Sunday,8,True,True
2025-08-24,Harvest Organic Market,hist-sup-005,INSTITUTION,Fresh Produce,31.74,kg,AMBIENT,24.4,MEDIUM,False,Sunday,8,True,True
2025-08-24,The Riverside Hotel,hist-sup-006,HOTEL,Food Surplus,135.71,kg,AMBIENT,22.3,LOW,False,Sunday,8,True,True
2025-08-25,Grand Horizon Hotel,hist-sup-001,HOTEL,Food Surplus,125.37,kg,AMBIENT,46.7,LOW,False,Monday,8,False,True
2025-08-25,Bistro Verde Restaurant,hist-sup-002,RESTAURANT,Cooked Meals,8.99,kg,REFRIGERATED,11.9,HIGH,False,Monday,8,False,True
2025-08-25,Metropolitan Event Center,hist-sup-003,EVENT_VENUE,Cooked Meals,61.13,kg,REFRIGERATED,9.3,HIGH,False,Monday,8,False,True
2025-08-25,Sunrise University Canteen,hist-sup-004,INSTITUTION,Cooked Meals,12.22,kg,REFRIGERATED,5.0,MEDIUM,False,Monday,8,False,True
2025-08-25,Harvest Organic Market,hist-sup-005,INSTITUTION,Fresh Produce,101.34,kg,AMBIENT,64.7,LOW,False,Monday,8,False,True
2025-08-25,The Riverside Hotel,hist-sup-006,HOTEL,Food Surplus,60.09,kg,AMBIENT,18.1,MEDIUM,False,Monday,8,False,True
2025-08-26,Grand Horizon Hotel,hist-sup-001,HOTEL,Food Surplus,101.17,kg,AMBIENT,45.6,MEDIUM,False,Tuesday,8,False,True
2025-08-26,Sunrise University Canteen,hist-sup-004,INSTITUTION,Fresh Produce,79.6,kg,AMBIENT,48.8,LOW,False,Tuesday,8,False,True
2025-08-26,Harvest Organic Market,hist-sup-005,INSTITUTION,Fresh Produce,39.0,kg,AMBIENT,24.2,LOW,False,Tuesday,8,False,True
2025-08-26,The Riverside Hotel,hist-sup-006,HOTEL,Food Surplus,102.08,kg,AMBIENT,47.6,LOW,False,Tuesday,8,False,True
2025-08-27,Grand Horizon Hotel,hist-sup-001,HOTEL,Cooked Meals,93.81,kg,REFRIGERATED,4.5,HIGH,False,Wednesday,8,False,True
2025-08-27,Bistro Verde Restaurant,hist-sup-002,RESTAURANT,Bakery Items,24.97,kg,AMBIENT,26.2,MEDIUM,False,Wednesday,8,False,True
2025-08-27,Sunrise University Canteen,hist-sup-004,INSTITUTION,Cooked Meals,45.78,kg,REFRIGERATED,10.6,MEDIUM,False,Wednesday,8,False,True
2025-08-27,Harvest Organic Market,hist-sup-005,INSTITUTION,Fresh Produce,86.21,kg,AMBIENT,53.7,MEDIUM,False,Wednesday,8,False,True
2025-08-27,The Riverside Hotel,hist-sup-006,HOTEL,Food Surplus,38.53,kg,AMBIENT,23.1,HIGH,False,Wednesday,8,False,True
2025-08-28,Grand Horizon Hotel,hist-sup-001,HOTEL,Cooked Meals,16.44,kg,REFRIGERATED,10.4,LOW,False,Thursday,8,False,True
2025-08-28,Bistro Verde Restaurant,hist-sup-002,RESTAURANT,Bakery Items,4.45,kg,AMBIENT,19.1,MEDIUM,False,Thursday,8,False,True
2025-08-28,Metropolitan Event Center,hist-sup-003,EVENT_VENUE,Cooked Meals,32.98,kg,REFRIGERATED,8.8,HIGH,False,Thursday,8,False,True
2025-08-28,Sunrise University Canteen,hist-sup-004,INSTITUTION,Fresh Produce,62.81,kg,AMBIENT,28.9,MEDIUM,False,Thursday,8,False,True
2025-08-28,Harvest Organic Market,hist-sup-005,INSTITUTION,Fresh Produce,67.99,kg,AMBIENT,39.8,LOW,False,Thursday,8,False,True
2025-08-28,The Riverside Hotel,hist-sup-006,HOTEL,Food Surplus,65.02,kg,AMBIENT,44.2,LOW,False,Thursday,8,False,True
2025-08-29,Grand Horizon Hotel,hist-sup-001,HOTEL,Food Surplus,59.5,kg,AMBIENT,37.0,MEDIUM,False,Friday,8,False,True
2025-08-29,Bistro Verde Restaurant,hist-sup-002,RESTAURANT,Cooked Meals,8.1,kg,REFRIGERATED,11.7,HIGH,False,Friday,8,False,True
2025-08-29,Sunrise University Canteen,hist-sup-004,INSTITUTION,Cooked Meals,19.44,kg,REFRIGERATED,6.5,MEDIUM,False,Friday,8,False,True
2025-08-29,Harvest Organic Market,hist-sup-005,INSTITUTION,Fresh Produce,65.23,kg,AMBIENT,35.4,HIGH,False,Friday,8,False,True
2025-08-29,The Riverside Hotel,hist-sup-006,HOTEL,Cooked Meals,36.19,kg,REFRIGERATED,5.6,MEDIUM,False,Friday,8,False,True
2025-08-30,Grand Horizon Hotel,hist-sup-001,HOTEL,Cooked Meals,50.95,kg,REFRIGERATED,11.9,HIGH,False,Saturday,8,True,True
2025-08-30,Bistro Verde Restaurant,hist-sup-002,RESTAURANT,Bakery Items,18.37,kg,AMBIENT,22.0,LOW,False,Saturday,8,True,True
2025-08-30,Sunrise University Canteen,hist-sup-004,INSTITUTION,Cooked Meals,61.91,kg,REFRIGERATED,9.5,MEDIUM,False,Saturday,8,True,True
2025-08-30,Harvest Organic Market,hist-sup-005,INSTITUTION,Bakery Items,26.82,kg,AMBIENT,34.9,MEDIUM,False,Saturday,8,True,True
2025-08-30,The Riverside Hotel,hist-sup-006,HOTEL,Cooked Meals,52.81,kg,REFRIGERATED,4.1,HIGH,False,Saturday,8,True,True
2025-08-31,Grand Horizon Hotel,hist-sup-001,HOTEL,Cooked Meals,50.66,kg,REFRIGERATED,5.6,HIGH,False,Sunday,8,True,True
2025-08-31,Bistro Verde Restaurant,hist-sup-002,RESTAURANT,Cooked Meals,68.93,kg,REFRIGERATED,5.8,HIGH,False,Sunday,8,True,True
2025-08-31,The Riverside Hotel,hist-sup-006,HOTEL,Cooked Meals,106.14,kg,REFRIGERATED,11.3,LOW,False,Sunday,8,True,True
2025-09-01,Grand Horizon Hotel,hist-sup-001,HOTEL,Food Surplus,115.28,kg,AMBIENT,16.4,MEDIUM,False,Monday,9,False,True
2025-09-01,Bistro Verde Restaurant,hist-sup-002,RESTAURANT,Bakery Items,18.47,kg,AMBIENT,34.6,HIGH,False,Monday,9,False,True
2025-09-01,Sunrise University Canteen,hist-sup-004,INSTITUTION,Cooked Meals,18.23,kg,REFRIGERATED,5.5,HIGH,False,Monday,9,False,True
2025-09-01,Harvest Organic Market,hist-sup-005,INSTITUTION,Bakery Items,19.97,kg,AMBIENT,35.4,LOW,False,Monday,9,False,True
2025-09-01,The Riverside Hotel,hist-sup-006,HOTEL,Food Surplus,84.03,kg,AMBIENT,13.9,MEDIUM,False,Monday,9,False,True
2025-09-02,Grand Horizon Hotel,hist-sup-001,HOTEL,Food Surplus,118.91,kg,AMBIENT,42.1,HIGH,False,Tuesday,9,False,True
2025-09-02,Bistro Verde Restaurant,hist-sup-002,RESTAURANT,Cooked Meals,44.08,kg,REFRIGERATED,8.9,MEDIUM,False,Tuesday,9,False,True
2025-09-02,Sunrise University Canteen,hist-sup-004,INSTITUTION,Fresh Produce,59.24,kg,AMBIENT,46.3,MEDIUM,False,Tuesday,9,False,True
2025-09-02,Harvest Organic Market,hist-sup-005,INSTITUTION,Bakery Items,21.5,kg,AMBIENT,21.6,HIGH,False,Tuesday,9,False,True
2025-09-02,The Riverside Hotel,hist-sup-006,HOTEL,Cooked Meals,27.36,kg,REFRIGERATED,11.2,MEDIUM,False,Tuesday,9,False,True
2025-09-03,Grand Horizon Hotel,hist-sup-001,HOTEL,Cooked Meals,49.44,kg,REFRIGERATED,11.5,MEDIUM,False,Wednesday,9,False,True
2025-09-03,Bistro Verde Restaurant,hist-sup-002,RESTAURANT,Cooked Meals,37.47,kg,REFRIGERATED,6.4,MEDIUM,False,Wednesday,9,False,True
2025-09-03,Sunrise University Canteen,hist-sup-004,INSTITUTION,Fresh Produce,60.87,kg,AMBIENT,62.6,MEDIUM,False,Wednesday,9,False,True
2025-09-03,Harvest Organic Market,hist-sup-005,INSTITUTION,Fresh Produce,61.97,kg,AMBIENT,36.7,LOW,False,Wednesday,9,False,True
2025-09-03,The Riverside Hotel,hist-sup-006,HOTEL,Bakery Items,31.75,kg,AMBIENT,30.9,HIGH,False,Wednesday,9,False,True
2025-09-04,Grand Horizon Hotel,hist-sup-001,HOTEL,Cooked Meals,47.38,kg,REFRIGERATED,8.4,MEDIUM,False,Thursday,9,False,True
2025-09-04,Bistro Verde Restaurant,hist-sup-002,RESTAURANT,Bakery Items,12.28,kg,AMBIENT,18.6,MEDIUM,False,Thursday,9,False,True
2025-09-04,Sunrise University Canteen,hist-sup-004,INSTITUTION,Fresh Produce,18.89,kg,AMBIENT,38.4,HIGH,False,Thursday,9,False,True
2025-09-04,Harvest Organic Market,hist-sup-005,INSTITUTION,Bakery Items,34.34,kg,AMBIENT,12.3,HIGH,False,Thursday,9,False,True
2025-09-04,The Riverside Hotel,hist-sup-006,HOTEL,Cooked Meals,60.67,kg,REFRIGERATED,5.8,HIGH,False,Thursday,9,False,True
2025-09-05,Grand Horizon Hotel,hist-sup-001,HOTEL,Cooked Meals,66.69,kg,REFRIGERATED,9.8,MEDIUM,False,Friday,9,False,True
2025-09-05,Bistro Verde Restaurant,hist-sup-002,RESTAURANT,Bakery Items,18.82,kg,AMBIENT,22.3,HIGH,False,Friday,9,False,True
2025-09-05,Sunrise University Canteen,hist-sup-004,INSTITUTION,Cooked Meals,31.73,kg,REFRIGERATED,11.5,LOW,False,Friday,9,False,True
2025-09-05,Harvest Organic Market,hist-sup-005,INSTITUTION,Bakery Items,13.21,kg,AMBIENT,22.1,MEDIUM,False,Friday,9,False,True
2025-09-05,The Riverside Hotel,hist-sup-006,HOTEL,Food Surplus,71.9,kg,AMBIENT,39.4,HIGH,False,Friday,9,False,True
2025-09-06,Grand Horizon Hotel,hist-sup-001,HOTEL,Food Surplus,115.66,kg,AMBIENT,40.0,HIGH,False,Saturday,9,True,True
2025-09-06,Bistro Verde Restaurant,hist-sup-002,RESTAURANT,Bakery Items,38.43,kg,AMBIENT,24.8,LOW,False,Saturday,9,True,True
2025-09-06,Metropolitan Event Center,hist-sup-003,EVENT_VENUE,Cooked Meals,149.89,kg,REFRIGERATED,6.4,MEDIUM,False,Saturday,9,True,True
2025-09-06,Sunrise University Canteen,hist-sup-004,INSTITUTION,Cooked Meals,15.09,kg,REFRIGERATED,5.5,MEDIUM,False,Saturday,9,True,True
2025-09-06,Harvest Organic Market,hist-sup-005,INSTITUTION,Bakery Items,10.8,kg,AMBIENT,19.0,MEDIUM,False,Saturday,9,True,True
2025-09-06,The Riverside Hotel,hist-sup-006,HOTEL,Bakery Items,40.23,kg,AMBIENT,21.9,LOW,False,Saturday,9,True,True
2025-09-07,Grand Horizon Hotel,hist-sup-001,HOTEL,Food Surplus,124.75,kg,AMBIENT,10.8,CRITICAL,False,Sunday,9,True,True
2025-09-07,Bistro Verde Restaurant,hist-sup-002,RESTAURANT,Cooked Meals,61.07,kg,REFRIGERATED,9.3,MEDIUM,False,Sunday,9,True,True
2025-09-07,The Riverside Hotel,hist-sup-006,HOTEL,Bakery Items,28.06,kg,AMBIENT,12.2,MEDIUM,False,Sunday,9,True,True
2025-09-08,Grand Horizon Hotel,hist-sup-001,HOTEL,Food Surplus,98.55,kg,AMBIENT,30.8,MEDIUM,False,Monday,9,False,True
2025-09-08,Bistro Verde Restaurant,hist-sup-002,RESTAURANT,Cooked Meals,47.82,kg,REFRIGERATED,6.3,HIGH,False,Monday,9,False,True
2025-09-08,Sunrise University Canteen,hist-sup-004,INSTITUTION,Fresh Produce,76.46,kg,AMBIENT,43.9,LOW,False,Monday,9,False,True
2025-09-08,Harvest Organic Market,hist-sup-005,INSTITUTION,Bakery Items,12.6,kg,AMBIENT,33.9,LOW,False,Monday,9,False,True
2025-09-08,The Riverside Hotel,hist-sup-006,HOTEL,Bakery Items,44.91,kg,AMBIENT,15.8,HIGH,False,Monday,9,False,True
2025-09-09,Grand Horizon Hotel,hist-sup-001,HOTEL,Cooked Meals,87.4,kg,REFRIGERATED,9.8,MEDIUM,False,Tuesday,9,False,True
2025-09-09,Bistro Verde Restaurant,hist-sup-002,RESTAURANT,Cooked Meals,57.96,kg,REFRIGERATED,10.1,MEDIUM,False,Tuesday,9,False,True
2025-09-09,Sunrise University Canteen,hist-sup-004,INSTITUTION,Cooked Meals,41.17,kg,REFRIGERATED,4.6,HIGH,False,Tuesday,9,False,True
2025-09-09,Harvest Organic Market,hist-sup-005,INSTITUTION,Bakery Items,12.72,kg,AMBIENT,12.9,MEDIUM,False,Tuesday,9,False,True
2025-09-09,The Riverside Hotel,hist-sup-006,HOTEL,Cooked Meals,38.73,kg,REFRIGERATED,10.0,MEDIUM,False,Tuesday,9,False,True
2025-09-10,Grand Horizon Hotel,hist-sup-001,HOTEL,Cooked Meals,69.23,kg,REFRIGERATED,6.2,MEDIUM,False,Wednesday,9,False,True
2025-09-10,Bistro Verde Restaurant,hist-sup-002,RESTAURANT,Cooked Meals,16.33,kg,REFRIGERATED,5.0,HIGH,False,Wednesday,9,False,True
2025-09-10,Sunrise University Canteen,hist-sup-004,INSTITUTION,Cooked Meals,58.39,kg,REFRIGERATED,5.7,MEDIUM,False,Wednesday,9,False,True
2025-09-10,Harvest Organic Market,hist-sup-005,INSTITUTION,Fresh Produce,67.11,kg,AMBIENT,26.3,MEDIUM,False,Wednesday,9,False,True
2025-09-10,The Riverside Hotel,hist-sup-006,HOTEL,Food Surplus,102.13,kg,AMBIENT,20.3,LOW,False,Wednesday,9,False,True
2025-09-11,Grand Horizon Hotel,hist-sup-001,HOTEL,Food Surplus,108.02,kg,AMBIENT,45.2,MEDIUM,False,Thursday,9,False,True
2025-09-11,Bistro Verde Restaurant,hist-sup-002,RESTAURANT,Cooked Meals,7.81,kg,REFRIGERATED,10.6,HIGH,False,Thursday,9,False,True
2025-09-11,Metropolitan Event Center,hist-sup-003,EVENT_VENUE,Food Surplus,153.75,kg,AMBIENT,41.2,LOW,False,Thursday,9,False,True
2025-09-11,Sunrise University Canteen,hist-sup-004,INSTITUTION,Fresh Produce,85.89,kg,AMBIENT,54.1,MEDIUM,False,Thursday,9,False,True
2025-09-11,Harvest Organic Market,hist-sup-005,INSTITUTION,Bakery Items,27.0,kg,AMBIENT,14.9,MEDIUM,False,Thursday,9,False,True
2025-09-11,The Riverside Hotel,hist-sup-006,HOTEL,Cooked Meals,12.13,kg,REFRIGERATED,5.7,HIGH,False,Thursday,9,False,True
2025-09-12,Grand Horizon Hotel,hist-sup-001,HOTEL,Food Surplus,101.97,kg,AMBIENT,22.8,LOW,False,Friday,9,False,True
2025-09-12,Bistro Verde Restaurant,hist-sup-002,RESTAURANT,Bakery Items,12.47,kg,AMBIENT,29.1,MEDIUM,False,Friday,9,False,True
2025-09-12,Sunrise University Canteen,hist-sup-004,INSTITUTION,Fresh Produce,132.83,kg,AMBIENT,52.8,CRITICAL,False,Friday,9,False,True
2025-09-12,Harvest Organic Market,hist-sup-005,INSTITUTION,Fresh Produce,39.6,kg,AMBIENT,39.3,HIGH,False,Friday,9,False,True
2025-09-12,The Riverside Hotel,hist-sup-006,HOTEL,Bakery Items,5.05,kg,AMBIENT,33.9,MEDIUM,False,Friday,9,False,True
2025-09-13,Grand Horizon Hotel,hist-sup-001,HOTEL,Cooked Meals,86.11,kg,REFRIGERATED,4.2,HIGH,False,Saturday,9,True,True
2025-09-13,Bistro Verde Restaurant,hist-sup-002,RESTAURANT,Cooked Meals,57.69,kg,REFRIGERATED,10.1,HIGH,False,Saturday,9,True,True
2025-09-13,Metropolitan Event Center,hist-sup-003,EVENT_VENUE,Cooked Meals,112.25,kg,REFRIGERATED,9.1,MEDIUM,False,Saturday,9,True,True
2025-09-13,Sunrise University Canteen,hist-sup-004,INSTITUTION,Fresh Produce,134.71,kg,AMBIENT,39.8,LOW,False,Saturday,9,True,True
2025-09-13,Harvest Organic Market,hist-sup-005,INSTITUTION,Fresh Produce,90.2,kg,AMBIENT,37.8,LOW,False,Saturday,9,True,True
2025-09-13,The Riverside Hotel,hist-sup-006,HOTEL,Bakery Items,25.12,kg,AMBIENT,16.9,LOW,False,Saturday,9,True,True
2025-09-14,Grand Horizon Hotel,hist-sup-001,HOTEL,Cooked Meals,122.23,kg,REFRIGERATED,11.0,MEDIUM,False,Sunday,9,True,True
2025-09-14,Bistro Verde Restaurant,hist-sup-002,RESTAURANT,Cooked Meals,12.52,kg,REFRIGERATED,7.9,CRITICAL,False,Sunday,9,True,True
2025-09-14,Metropolitan Event Center,hist-sup-003,EVENT_VENUE,Food Surplus,224.09,kg,AMBIENT,30.0,MEDIUM,False,Sunday,9,True,True
2025-09-14,The Riverside Hotel,hist-sup-006,HOTEL,Bakery Items,25.83,kg,AMBIENT,29.3,LOW,False,Sunday,9,True,True
2025-09-15,Grand Horizon Hotel,hist-sup-001,HOTEL,Cooked Meals,27.84,kg,REFRIGERATED,5.6,CRITICAL,False,Monday,9,False,True
2025-09-15,Bistro Verde Restaurant,hist-sup-002,RESTAURANT,Bakery Items,11.18,kg,AMBIENT,16.0,MEDIUM,False,Monday,9,False,True
2025-09-15,Sunrise University Canteen,hist-sup-004,INSTITUTION,Cooked Meals,63.92,kg,REFRIGERATED,7.1,HIGH,False,Monday,9,False,True
2025-09-15,Harvest Organic Market,hist-sup-005,INSTITUTION,Bakery Items,20.36,kg,AMBIENT,15.7,HIGH,False,Monday,9,False,True
2025-09-15,The Riverside Hotel,hist-sup-006,HOTEL,Bakery Items,17.68,kg,AMBIENT,23.5,MEDIUM,False,Monday,9,False,True
2025-09-16,Grand Horizon Hotel,hist-sup-001,HOTEL,Cooked Meals,33.9,kg,REFRIGERATED,5.5,LOW,False,Tuesday,9,False,True
2025-09-16,Bistro Verde Restaurant,hist-sup-002,RESTAURANT,Bakery Items,21.11,kg,AMBIENT,35.3,MEDIUM,False,Tuesday,9,False,True
2025-09-16,Sunrise University Canteen,hist-sup-004,INSTITUTION,Cooked Meals,30.52,kg,REFRIGERATED,4.3,CRITICAL,False,Tuesday,9,False,True
2025-09-16,Harvest Organic Market,hist-sup-005,INSTITUTION,Fresh Produce,33.01,kg,AMBIENT,67.8,MEDIUM,False,Tuesday,9,False,True
2025-09-16,The Riverside Hotel,hist-sup-006,HOTEL,Bakery Items,33.35,kg,AMBIENT,20.8,LOW,False,Tuesday,9,False,True
2025-09-17,Grand Horizon Hotel,hist-sup-001,HOTEL,Food Surplus,114.97,kg,AMBIENT,40.5,MEDIUM,False,Wednesday,9,False,True
2025-09-17,Bistro Verde Restaurant,hist-sup-002,RESTAURANT,Cooked Meals,20.14,kg,REFRIGERATED,7.6,HIGH,False,Wednesday,9,False,True
2025-09-17,Sunrise University Canteen,hist-sup-004,INSTITUTION,Cooked Meals,10.51,kg,REFRIGERATED,11.3,MEDIUM,False,Wednesday,9,False,True
2025-09-17,Harvest Organic Market,hist-sup-005,INSTITUTION,Fresh Produce,52.91,kg,AMBIENT,33.1,MEDIUM,False,Wednesday,9,False,True
2025-09-17,The Riverside Hotel,hist-sup-006,HOTEL,Bakery Items,27.91,kg,AMBIENT,33.3,MEDIUM,False,Wednesday,9,False,True
2025-09-18,Grand Horizon Hotel,hist-sup-001,HOTEL,Cooked Meals,24.14,kg,REFRIGERATED,8.6,HIGH,False,Thursday,9,False,True
2025-09-18,Bistro Verde Restaurant,hist-sup-002,RESTAURANT,Bakery Items,25.59,kg,AMBIENT,19.4,CRITICAL,False,Thursday,9,False,True
2025-09-18,Sunrise University Canteen,hist-sup-004,INSTITUTION,Cooked Meals,56.5,kg,REFRIGERATED,7.3,MEDIUM,False,Thursday,9,False,True
2025-09-18,Harvest Organic Market,hist-sup-005,INSTITUTION,Bakery Items,7.44,kg,AMBIENT,16.8,LOW,False,Thursday,9,False,True
2025-09-18,The Riverside Hotel,hist-sup-006,HOTEL,Bakery Items,33.97,kg,AMBIENT,17.1,LOW,False,Thursday,9,False,True
2025-09-19,Grand Horizon Hotel,hist-sup-001,HOTEL,Cooked Meals,43.39,kg,REFRIGERATED,9.0,HIGH,False,Friday,9,False,True
2025-09-19,Bistro Verde Restaurant,hist-sup-002,RESTAURANT,Cooked Meals,9.72,kg,REFRIGERATED,4.7,MEDIUM,False,Friday,9,False,True
2025-09-19,Metropolitan Event Center,hist-sup-003,EVENT_VENUE,Food Surplus,93.23,kg,AMBIENT,12.0,LOW,False,Friday,9,False,True
2025-09-19,Sunrise University Canteen,hist-sup-004,INSTITUTION,Cooked Meals,54.9,kg,REFRIGERATED,10.3,LOW,False,Friday,9,False,True
2025-09-19,Harvest Organic Market,hist-sup-005,INSTITUTION,Fresh Produce,33.39,kg,AMBIENT,36.8,MEDIUM,False,Friday,9,False,True
2025-09-19,The Riverside Hotel,hist-sup-006,HOTEL,Food Surplus,58.94,kg,AMBIENT,22.8,HIGH,False,Friday,9,False,True
2025-09-20,Grand Horizon Hotel,hist-sup-001,HOTEL,Cooked Meals,134.59,kg,REFRIGERATED,4.5,HIGH,False,Saturday,9,True,True
2025-09-20,Bistro Verde Restaurant,hist-sup-002,RESTAURANT,Cooked Meals,8.56,kg,REFRIGERATED,11.0,MEDIUM,False,Saturday,9,True,True
2025-09-20,Sunrise University Canteen,hist-sup-004,INSTITUTION,Cooked Meals,74.37,kg,REFRIGERATED,9.6,HIGH,False,Saturday,9,True,True
2025-09-20,Harvest Organic Market,hist-sup-005,INSTITUTION,Bakery Items,22.13,kg,AMBIENT,27.8,LOW,False,Saturday,9,True,True
2025-09-20,The Riverside Hotel,hist-sup-006,HOTEL,Bakery Items,8.26,kg,AMBIENT,31.4,MEDIUM,False,Saturday,9,True,True
2025-09-21,Grand Horizon Hotel,hist-sup-001,HOTEL,Food Surplus,90.12,kg,AMBIENT,32.5,LOW,False,Sunday,9,True,True
2025-09-21,Bistro Verde Restaurant,hist-sup-002,RESTAURANT,Bakery Items,44.61,kg,AMBIENT,29.6,LOW,False,Sunday,9,True,True
2025-09-21,Sunrise University Canteen,hist-sup-004,INSTITUTION,Cooked Meals,18.61,kg,REFRIGERATED,10.4,MEDIUM,False,Sunday,9,True,True
2025-09-21,The Riverside Hotel,hist-sup-006,HOTEL,Bakery Items,15.42,kg,AMBIENT,27.9,LOW,False,Sunday,9,True,True
2025-09-22,Grand Horizon Hotel,hist-sup-001,HOTEL,Cooked Meals,24.38,kg,REFRIGERATED,11.9,LOW,False,Monday,9,False,True
2025-09-22,Sunrise University Canteen,hist-sup-004,INSTITUTION,Fresh Produce,47.73,kg,AMBIENT,67.1,LOW,False,Monday,9,False,True
2025-09-22,Harvest Organic Market,hist-sup-005,INSTITUTION,Bakery Items,7.76,kg,AMBIENT,28.6,HIGH,False,Monday,9,False,True
2025-09-22,The Riverside Hotel,hist-sup-006,HOTEL,Food Surplus,20.16,kg,AMBIENT,37.7,MEDIUM,False,Monday,9,False,True
2025-09-23,Grand Horizon Hotel,hist-sup-001,HOTEL,Food Surplus,157.9,kg,AMBIENT,16.9,LOW,False,Tuesday,9,False,True
2025-09-23,Bistro Verde Restaurant,hist-sup-002,RESTAURANT,Cooked Meals,21.27,kg,REFRIGERATED,11.5,HIGH,False,Tuesday,9,False,True
2025-09-23,Metropolitan Event Center,hist-sup-003,EVENT_VENUE,Cooked Meals,124.43,kg,REFRIGERATED,8.6,LOW,False,Tuesday,9,False,True
2025-09-23,Sunrise University Canteen,hist-sup-004,INSTITUTION,Cooked Meals,73.74,kg,REFRIGERATED,6.9,HIGH,False,Tuesday,9,False,True
2025-09-23,Harvest Organic Market,hist-sup-005,INSTITUTION,Fresh Produce,28.24,kg,AMBIENT,24.4,HIGH,False,Tuesday,9,False,True
2025-09-23,The Riverside Hotel,hist-sup-006,HOTEL,Bakery Items,33.56,kg,AMBIENT,26.4,LOW,False,Tuesday,9,False,True
2025-09-24,Grand Horizon Hotel,hist-sup-001,HOTEL,Cooked Meals,71.09,kg,REFRIGERATED,6.5,CRITICAL,False,Wednesday,9,False,True
2025-09-24,Bistro Verde Restaurant,hist-sup-002,RESTAURANT,Bakery Items,20.06,kg,AMBIENT,35.2,LOW,False,Wednesday,9,False,True
2025-09-24,Sunrise University Canteen,hist-sup-004,INSTITUTION,Cooked Meals,73.23,kg,REFRIGERATED,11.5,MEDIUM,False,Wednesday,9,False,True
2025-09-24,Harvest Organic Market,hist-sup-005,INSTITUTION,Fresh Produce,97.2,kg,AMBIENT,63.1,HIGH,False,Wednesday,9,False,True
2025-09-24,The Riverside Hotel,hist-sup-006,HOTEL,Cooked Meals,47.05,kg,REFRIGERATED,6.7,HIGH,False,Wednesday,9,False,True
2025-09-25,Grand Horizon Hotel,hist-sup-001,HOTEL,Food Surplus,62.79,kg,AMBIENT,35.9,LOW,False,Thursday,9,False,True
2025-09-25,Bistro Verde Restaurant,hist-sup-002,RESTAURANT,Bakery Items,5.94,kg,AMBIENT,19.8,MEDIUM,False,Thursday,9,False,True
2025-09-25,Sunrise University Canteen,hist-sup-004,INSTITUTION,Fresh Produce,78.44,kg,AMBIENT,57.4,LOW,False,Thursday,9,False,True
2025-09-25,Harvest Organic Market,hist-sup-005,INSTITUTION,Fresh Produce,100.64,kg,AMBIENT,33.4,MEDIUM,False,Thursday,9,False,True
2025-09-25,The Riverside Hotel,hist-sup-006,HOTEL,Food Surplus,30.32,kg,AMBIENT,23.1,CRITICAL,False,Thursday,9,False,True
2025-09-26,Grand Horizon Hotel,hist-sup-001,HOTEL,Cooked Meals,72.8,kg,REFRIGERATED,4.8,CRITICAL,False,Friday,9,False,True
2025-09-26,Bistro Verde Restaurant,hist-sup-002,RESTAURANT,Cooked Meals,10.78,kg,REFRIGERATED,7.5,MEDIUM,False,Friday,9,False,True
2025-09-26,Sunrise University Canteen,hist-sup-004,INSTITUTION,Cooked Meals,24.95,kg,REFRIGERATED,7.9,HIGH,False,Friday,9,False,True
2025-09-26,Harvest Organic Market,hist-sup-005,INSTITUTION,Bakery Items,31.93,kg,AMBIENT,14.2,MEDIUM,False,Friday,9,False,True
2025-09-26,The Riverside Hotel,hist-sup-006,HOTEL,Bakery Items,16.94,kg,AMBIENT,27.7,MEDIUM,False,Friday,9,False,True
2025-09-27,Grand Horizon Hotel,hist-sup-001,HOTEL,Cooked Meals,28.19,kg,REFRIGERATED,5.8,HIGH,False,Saturday,9,True,True
2025-09-27,Sunrise University Canteen,hist-sup-004,INSTITUTION,Cooked Meals,64.44,kg,REFRIGERATED,5.4,HIGH,False,Saturday,9,True,True
2025-09-27,Harvest Organic Market,hist-sup-005,INSTITUTION,Bakery Items,17.83,kg,AMBIENT,29.1,HIGH,False,Saturday,9,True,True
2025-09-27,The Riverside Hotel,hist-sup-006,HOTEL,Bakery Items,55.79,kg,AMBIENT,12.5,HIGH,False,Saturday,9,True,True
2025-09-28,Grand Horizon Hotel,hist-sup-001,HOTEL,Food Surplus,39.82,kg,AMBIENT,40.8,MEDIUM,False,Sunday,9,True,True
2025-09-28,Bistro Verde Restaurant,hist-sup-002,RESTAURANT,Cooked Meals,62.51,kg,REFRIGERATED,11.2,MEDIUM,False,Sunday,9,True,True
2025-09-28,The Riverside Hotel,hist-sup-006,HOTEL,Cooked Meals,15.98,kg,REFRIGERATED,4.7,HIGH,False,Sunday,9,True,True
2025-09-29,Grand Horizon Hotel,hist-sup-001,HOTEL,Cooked Meals,96.93,kg,REFRIGERATED,8.0,MEDIUM,False,Monday,9,False,True
2025-09-29,Bistro Verde Restaurant,hist-sup-002,RESTAURANT,Bakery Items,26.53,kg,AMBIENT,13.1,CRITICAL,False,Monday,9,False,True
2025-09-29,Sunrise University Canteen,hist-sup-004,INSTITUTION,Fresh Produce,35.21,kg,AMBIENT,47.5,MEDIUM,False,Monday,9,False,True
2025-09-29,Harvest Organic Market,hist-sup-005,INSTITUTION,Bakery Items,16.42,kg,AMBIENT,27.9,LOW,False,Monday,9,False,True
2025-09-29,The Riverside Hotel,hist-sup-006,HOTEL,Cooked Meals,33.93,kg,REFRIGERATED,10.7,CRITICAL,False,Monday,9,False,True
2025-09-30,Grand Horizon Hotel,hist-sup-001,HOTEL,Cooked Meals,67.48,kg,REFRIGERATED,7.4,MEDIUM,False,Tuesday,9,False,True
2025-09-30,Bistro Verde Restaurant,hist-sup-002,RESTAURANT,Cooked Meals,32.23,kg,REFRIGERATED,4.7,HIGH,False,Tuesday,9,False,True
2025-09-30,Sunrise University Canteen,hist-sup-004,INSTITUTION,Cooked Meals,13.31,kg,REFRIGERATED,9.6,MEDIUM,False,Tuesday,9,False,True
2025-09-30,Harvest Organic Market,hist-sup-005,INSTITUTION,Fresh Produce,29.67,kg,AMBIENT,31.4,CRITICAL,False,Tuesday,9,False,True
2025-09-30,The Riverside Hotel,hist-sup-006,HOTEL,Cooked Meals,86.34,kg,REFRIGERATED,8.3,HIGH,False,Tuesday,9,False,True
2025-10-01,Grand Horizon Hotel,hist-sup-001,HOTEL,Food Surplus,124.28,kg,AMBIENT,22.5,MEDIUM,False,Wednesday,10,False,True
2025-10-01,Bistro Verde Restaurant,hist-sup-002,RESTAURANT,Cooked Meals,31.29,kg,REFRIGERATED,5.8,CRITICAL,False,Wednesday,10,False,True
2025-10-01,Sunrise University Canteen,hist-sup-004,INSTITUTION,Fresh Produce,107.72,kg,AMBIENT,62.7,LOW,False,Wednesday,10,False,True
2025-10-01,Harvest Organic Market,hist-sup-005,INSTITUTION,Bakery Items,16.42,kg,AMBIENT,16.1,HIGH,False,Wednesday,10,False,True
2025-10-01,The Riverside Hotel,hist-sup-006,HOTEL,Bakery Items,34.55,kg,AMBIENT,28.3,MEDIUM,False,Wednesday,10,False,True
2025-10-02,Grand Horizon Hotel,hist-sup-001,HOTEL,Food Surplus,90.13,kg,AMBIENT,28.5,LOW,False,Thursday,10,False,True
2025-10-02,Bistro Verde Restaurant,hist-sup-002,RESTAURANT,Bakery Items,20.19,kg,AMBIENT,18.4,HIGH,False,Thursday,10,False,True
2025-10-02,Sunrise University Canteen,hist-sup-004,INSTITUTION,Cooked Meals,54.08,kg,REFRIGERATED,7.5,MEDIUM,False,Thursday,10,False,True
2025-10-02,Harvest Organic Market,hist-sup-005,INSTITUTION,Bakery Items,14.26,kg,AMBIENT,22.3,HIGH,False,Thursday,10,False,True
2025-10-02,The Riverside Hotel,hist-sup-006,HOTEL,Cooked Meals,50.08,kg,REFRIGERATED,7.3,MEDIUM,False,Thursday,10,False,True
2025-10-03,Grand Horizon Hotel,hist-sup-001,HOTEL,Cooked Meals,17.62,kg,REFRIGERATED,5.9,MEDIUM,False,Friday,10,False,True
2025-10-03,Bistro Verde Restaurant,hist-sup-002,RESTAURANT,Cooked Meals,41.45,kg,REFRIGERATED,11.0,CRITICAL,False,Friday,10,False,True
2025-10-03,Sunrise University Canteen,hist-sup-004,INSTITUTION,Cooked Meals,45.14,kg,REFRIGERATED,8.1,CRITICAL,False,Friday,10,False,True
2025-10-03,Harvest Organic Market,hist-sup-005,INSTITUTION,Fresh Produce,41.11,kg,AMBIENT,59.8,MEDIUM,False,Friday,10,False,True
2025-10-03,The Riverside Hotel,hist-sup-006,HOTEL,Food Surplus,44.94,kg,AMBIENT,47.8,MEDIUM,False,Friday,10,False,True
2025-10-04,Grand Horizon Hotel,hist-sup-001,HOTEL,Cooked Meals,143.42,kg,REFRIGERATED,11.1,MEDIUM,False,Saturday,10,True,True
2025-10-04,Bistro Verde Restaurant,hist-sup-002,RESTAURANT,Cooked Meals,38.0,kg,REFRIGERATED,5.1,HIGH,False,Saturday,10,True,True
2025-10-04,Metropolitan Event Center,hist-sup-003,EVENT_VENUE,Cooked Meals,97.04,kg,REFRIGERATED,11.3,MEDIUM,False,Saturday,10,True,True
2025-10-04,Sunrise University Canteen,hist-sup-004,INSTITUTION,Cooked Meals,49.12,kg,REFRIGERATED,7.9,MEDIUM,False,Saturday,10,True,True
2025-10-04,Harvest Organic Market,hist-sup-005,INSTITUTION,Bakery Items,13.02,kg,AMBIENT,27.4,HIGH,False,Saturday,10,True,True
2025-10-04,The Riverside Hotel,hist-sup-006,HOTEL,Bakery Items,81.35,kg,AMBIENT,32.4,LOW,False,Saturday,10,True,True
2025-10-05,Grand Horizon Hotel,hist-sup-001,HOTEL,Food Surplus,81.66,kg,AMBIENT,43.6,LOW,False,Sunday,10,True,True
2025-10-05,Bistro Verde Restaurant,hist-sup-002,RESTAURANT,Cooked Meals,45.52,kg,REFRIGERATED,5.6,HIGH,False,Sunday,10,True,True
2025-10-05,The Riverside Hotel,hist-sup-006,HOTEL,Food Surplus,48.49,kg,AMBIENT,22.6,HIGH,False,Sunday,10,True,True
2025-10-06,Grand Horizon Hotel,hist-sup-001,HOTEL,Food Surplus,39.81,kg,AMBIENT,25.5,HIGH,False,Monday,10,False,True
2025-10-06,Bistro Verde Restaurant,hist-sup-002,RESTAURANT,Bakery Items,32.67,kg,AMBIENT,29.0,LOW,False,Monday,10,False,True
2025-10-06,Sunrise University Canteen,hist-sup-004,INSTITUTION,Fresh Produce,105.01,kg,AMBIENT,67.2,LOW,False,Monday,10,False,True
2025-10-06,Harvest Organic Market,hist-sup-005,INSTITUTION,Bakery Items,37.34,kg,AMBIENT,23.7,MEDIUM,False,Monday,10,False,True
2025-10-06,The Riverside Hotel,hist-sup-006,HOTEL,Cooked Meals,42.22,kg,REFRIGERATED,10.1,HIGH,False,Monday,10,False,True
2025-10-07,Grand Horizon Hotel,hist-sup-001,HOTEL,Food Surplus,52.62,kg,AMBIENT,13.0,MEDIUM,False,Tuesday,10,False,True
2025-10-07,Bistro Verde Restaurant,hist-sup-002,RESTAURANT,Cooked Meals,10.15,kg,REFRIGERATED,10.6,MEDIUM,False,Tuesday,10,False,True
2025-10-07,Sunrise University Canteen,hist-sup-004,INSTITUTION,Fresh Produce,40.23,kg,AMBIENT,35.9,LOW,False,Tuesday,10,False,True
2025-10-07,Harvest Organic Market,hist-sup-005,INSTITUTION,Fresh Produce,44.27,kg,AMBIENT,29.5,LOW,False,Tuesday,10,False,True
2025-10-07,The Riverside Hotel,hist-sup-006,HOTEL,Food Surplus,118.42,kg,AMBIENT,40.4,MEDIUM,False,Tuesday,10,False,True
2025-10-08,Grand Horizon Hotel,hist-sup-001,HOTEL,Cooked Meals,45.4,kg,REFRIGERATED,10.8,HIGH,False,Wednesday,10,False,True
2025-10-08,Bistro Verde Restaurant,hist-sup-002,RESTAURANT,Cooked Meals,22.25,kg,REFRIGERATED,11.4,MEDIUM,False,Wednesday,10,False,True
2025-10-08,Sunrise University Canteen,hist-sup-004,INSTITUTION,Cooked Meals,44.68,kg,REFRIGERATED,8.2,HIGH,False,Wednesday,10,False,True
2025-10-08,Harvest Organic Market,hist-sup-005,INSTITUTION,Fresh Produce,39.69,kg,AMBIENT,54.9,MEDIUM,False,Wednesday,10,False,True
2025-10-08,The Riverside Hotel,hist-sup-006,HOTEL,Bakery Items,50.56,kg,AMBIENT,29.1,LOW,False,Wednesday,10,False,True
2025-10-09,Grand Horizon Hotel,hist-sup-001,HOTEL,Cooked Meals,25.41,kg,REFRIGERATED,5.7,HIGH,False,Thursday,10,False,True
2025-10-09,Metropolitan Event Center,hist-sup-003,EVENT_VENUE,Food Surplus,78.7,kg,AMBIENT,27.7,MEDIUM,False,Thursday,10,False,True
2025-10-09,Sunrise University Canteen,hist-sup-004,INSTITUTION,Cooked Meals,64.23,kg,REFRIGERATED,6.9,HIGH,False,Thursday,10,False,True
2025-10-09,Harvest Organic Market,hist-sup-005,INSTITUTION,Bakery Items,11.06,kg,AMBIENT,18.6,MEDIUM,False,Thursday,10,False,True
2025-10-09,The Riverside Hotel,hist-sup-006,HOTEL,Cooked Meals,24.79,kg,REFRIGERATED,8.7,CRITICAL,False,Thursday,10,False,True
2025-10-10,Grand Horizon Hotel,hist-sup-001,HOTEL,Cooked Meals,34.75,kg,REFRIGERATED,7.6,LOW,False,Friday,10,False,True
2025-10-10,Sunrise University Canteen,hist-sup-004,INSTITUTION,Fresh Produce,140.17,kg,AMBIENT,26.1,LOW,False,Friday,10,False,True
2025-10-10,Harvest Organic Market,hist-sup-005,INSTITUTION,Bakery Items,40.04,kg,AMBIENT,30.2,HIGH,False,Friday,10,False,True
2025-10-10,The Riverside Hotel,hist-sup-006,HOTEL,Bakery Items,36.54,kg,AMBIENT,33.9,LOW,False,Friday,10,False,True
2025-10-11,Grand Horizon Hotel,hist-sup-001,HOTEL,Cooked Meals,52.26,kg,REFRIGERATED,6.2,CRITICAL,False,Saturday,10,True,True
2025-10-11,Bistro Verde Restaurant,hist-sup-002,RESTAURANT,Cooked Meals,67.22,kg,REFRIGERATED,7.2,HIGH,False,Saturday,10,True,True
2025-10-11,Sunrise University Canteen,hist-sup-004,INSTITUTION,Cooked Meals,48.11,kg,REFRIGERATED,8.1,HIGH,False,Saturday,10,True,True
2025-10-11,Harvest Organic Market,hist-sup-005,INSTITUTION,Bakery Items,17.12,kg,AMBIENT,26.2,LOW,False,Saturday,10,True,True
2025-10-11,The Riverside Hotel,hist-sup-006,HOTEL,Food Surplus,84.16,kg,AMBIENT,36.3,MEDIUM,False,Saturday,10,True,True
2025-10-12,Grand Horizon Hotel,hist-sup-001,HOTEL,Cooked Meals,68.27,kg,REFRIGERATED,5.8,HIGH,False,Sunday,10,True,True
2025-10-12,Bistro Verde Restaurant,hist-sup-002,RESTAURANT,Cooked Meals,91.44,kg,REFRIGERATED,6.2,MEDIUM,False,Sunday,10,True,True
2025-10-12,Sunrise University Canteen,hist-sup-004,INSTITUTION,Cooked Meals,124.34,kg,REFRIGERATED,9.2,HIGH,False,Sunday,10,True,True
2025-10-12,The Riverside Hotel,hist-sup-006,HOTEL,Food Surplus,150.77,kg,AMBIENT,18.6,LOW,False,Sunday,10,True,True
2025-10-13,Grand Horizon Hotel,hist-sup-001,HOTEL,Food Surplus,85.75,kg,AMBIENT,41.0,LOW,False,Monday,10,False,True
2025-10-13,Sunrise University Canteen,hist-sup-004,INSTITUTION,Cooked Meals,73.12,kg,REFRIGERATED,9.5,CRITICAL,False,Monday,10,False,True
2025-10-13,Harvest Organic Market,hist-sup-005,INSTITUTION,Fresh Produce,93.51,kg,AMBIENT,51.9,HIGH,False,Monday,10,False,True
2025-10-13,The Riverside Hotel,hist-sup-006,HOTEL,Cooked Meals,59.84,kg,REFRIGERATED,9.8,MEDIUM,False,Monday,10,False,True
2025-10-14,Grand Horizon Hotel,hist-sup-001,HOTEL,Food Surplus,38.21,kg,AMBIENT,42.5,LOW,False,Tuesday,10,False,True
2025-10-14,Bistro Verde Restaurant,hist-sup-002,RESTAURANT,Cooked Meals,48.12,kg,REFRIGERATED,4.2,MEDIUM,False,Tuesday,10,False,True
2025-10-14,Sunrise University Canteen,hist-sup-004,INSTITUTION,Cooked Meals,18.0,kg,REFRIGERATED,11.3,CRITICAL,False,Tuesday,10,False,True
2025-10-14,Harvest Organic Market,hist-sup-005,INSTITUTION,Fresh Produce,87.51,kg,AMBIENT,62.8,MEDIUM,False,Tuesday,10,False,True
2025-10-14,The Riverside Hotel,hist-sup-006,HOTEL,Cooked Meals,29.49,kg,REFRIGERATED,11.5,MEDIUM,False,Tuesday,10,False,True
2025-10-15,Grand Horizon Hotel,hist-sup-001,HOTEL,Food Surplus,44.44,kg,AMBIENT,33.1,LOW,False,Wednesday,10,False,True
2025-10-15,Sunrise University Canteen,hist-sup-004,INSTITUTION,Fresh Produce,123.99,kg,AMBIENT,60.5,HIGH,False,Wednesday,10,False,True
2025-10-15,Harvest Organic Market,hist-sup-005,INSTITUTION,Bakery Items,15.58,kg,AMBIENT,15.7,LOW,False,Wednesday,10,False,True
2025-10-15,The Riverside Hotel,hist-sup-006,HOTEL,Food Surplus,83.14,kg,AMBIENT,29.8,LOW,False,Wednesday,10,False,True
2025-10-16,Grand Horizon Hotel,hist-sup-001,HOTEL,Food Surplus,43.55,kg,AMBIENT,44.5,LOW,False,Thursday,10,False,True
2025-10-16,Bistro Verde Restaurant,hist-sup-002,RESTAURANT,Cooked Meals,25.63,kg,REFRIGERATED,9.5,HIGH,False,Thursday,10,False,True
2025-10-16,Sunrise University Canteen,hist-sup-004,INSTITUTION,Fresh Produce,54.05,kg,AMBIENT,29.3,LOW,False,Thursday,10,False,True
2025-10-16,Harvest Organic Market,hist-sup-005,INSTITUTION,Bakery Items,6.41,kg,AMBIENT,34.2,LOW,False,Thursday,10,False,True
2025-10-16,The Riverside Hotel,hist-sup-006,HOTEL,Cooked Meals,32.79,kg,REFRIGERATED,8.2,HIGH,False,Thursday,10,False,True
2025-10-17,Grand Horizon Hotel,hist-sup-001,HOTEL,Cooked Meals,106.66,kg,REFRIGERATED,6.3,HIGH,False,Friday,10,False,True
2025-10-17,Bistro Verde Restaurant,hist-sup-002,RESTAURANT,Bakery Items,18.16,kg,AMBIENT,34.4,HIGH,False,Friday,10,False,True
2025-10-17,Sunrise University Canteen,hist-sup-004,INSTITUTION,Cooked Meals,97.28,kg,REFRIGERATED,5.2,MEDIUM,False,Friday,10,False,True
2025-10-17,Harvest Organic Market,hist-sup-005,INSTITUTION,Bakery Items,29.08,kg,AMBIENT,14.7,MEDIUM,False,Friday,10,False,True
2025-10-17,The Riverside Hotel,hist-sup-006,HOTEL,Cooked Meals,23.25,kg,REFRIGERATED,7.1,MEDIUM,False,Friday,10,False,True
2025-10-18,Grand Horizon Hotel,hist-sup-001,HOTEL,Food Surplus,126.61,kg,AMBIENT,33.5,LOW,False,Saturday,10,True,True
2025-10-18,Sunrise University Canteen,hist-sup-004,INSTITUTION,Fresh Produce,72.79,kg,AMBIENT,35.0,LOW,False,Saturday,10,True,True
2025-10-18,Harvest Organic Market,hist-sup-005,INSTITUTION,Fresh Produce,90.18,kg,AMBIENT,35.3,LOW,False,Saturday,10,True,True
2025-10-18,The Riverside Hotel,hist-sup-006,HOTEL,Cooked Meals,59.27,kg,REFRIGERATED,4.9,CRITICAL,False,Saturday,10,True,True
2025-10-19,Grand Horizon Hotel,hist-sup-001,HOTEL,Cooked Meals,69.51,kg,REFRIGERATED,5.2,CRITICAL,False,Sunday,10,True,True
2025-10-19,The Riverside Hotel,hist-sup-006,HOTEL,Cooked Meals,32.21,kg,REFRIGERATED,9.9,HIGH,False,Sunday,10,True,True
2025-10-20,Grand Horizon Hotel,hist-sup-001,HOTEL,Cooked Meals,87.13,kg,REFRIGERATED,9.3,LOW,False,Monday,10,False,True
2025-10-20,Bistro Verde Restaurant,hist-sup-002,RESTAURANT,Cooked Meals,9.3,kg,REFRIGERATED,4.6,HIGH,False,Monday,10,False,True
2025-10-20,Sunrise University Canteen,hist-sup-004,INSTITUTION,Cooked Meals,49.32,kg,REFRIGERATED,5.1,HIGH,False,Monday,10,False,True
2025-10-20,Harvest Organic Market,hist-sup-005,INSTITUTION,Bakery Items,15.08,kg,AMBIENT,28.7,LOW,False,Monday,10,False,True
2025-10-20,The Riverside Hotel,hist-sup-006,HOTEL,Food Surplus,28.19,kg,AMBIENT,38.0,MEDIUM,False,Monday,10,False,True
2025-10-21,Grand Horizon Hotel,hist-sup-001,HOTEL,Food Surplus,132.26,kg,AMBIENT,41.2,HIGH,False,Tuesday,10,False,True
2025-10-21,Bistro Verde Restaurant,hist-sup-002,RESTAURANT,Cooked Meals,27.47,kg,REFRIGERATED,5.3,CRITICAL,False,Tuesday,10,False,True
2025-10-21,Sunrise University Canteen,hist-sup-004,INSTITUTION,Cooked Meals,65.41,kg,REFRIGERATED,7.1,HIGH,False,Tuesday,10,False,True
2025-10-21,Harvest Organic Market,hist-sup-005,INSTITUTION,Fresh Produce,94.22,kg,AMBIENT,46.5,MEDIUM,False,Tuesday,10,False,True
2025-10-21,The Riverside Hotel,hist-sup-006,HOTEL,Bakery Items,15.0,kg,AMBIENT,16.7,LOW,False,Tuesday,10,False,True
2025-10-22,Grand Horizon Hotel,hist-sup-001,HOTEL,Food Surplus,26.22,kg,AMBIENT,29.7,LOW,True,Wednesday,10,False,True
2025-10-22,Bistro Verde Restaurant,hist-sup-002,RESTAURANT,Bakery Items,11.82,kg,AMBIENT,14.0,HIGH,True,Wednesday,10,False,True
2025-10-22,Metropolitan Event Center,hist-sup-003,EVENT_VENUE,Cooked Meals,53.14,kg,REFRIGERATED,11.5,LOW,True,Wednesday,10,False,True
2025-10-22,Sunrise University Canteen,hist-sup-004,INSTITUTION,Fresh Produce,149.96,kg,AMBIENT,41.1,LOW,True,Wednesday,10,False,True
2025-10-22,Harvest Organic Market,hist-sup-005,INSTITUTION,Bakery Items,26.06,kg,AMBIENT,14.4,HIGH,True,Wednesday,10,False,True
2025-10-22,The Riverside Hotel,hist-sup-006,HOTEL,Food Surplus,137.35,kg,AMBIENT,14.4,HIGH,True,Wednesday,10,False,True
2025-10-23,Grand Horizon Hotel,hist-sup-001,HOTEL,Cooked Meals,139.15,kg,REFRIGERATED,5.7,HIGH,True,Thursday,10,False,True
2025-10-23,Bistro Verde Restaurant,hist-sup-002,RESTAURANT,Cooked Meals,95.9,kg,REFRIGERATED,8.2,HIGH,True,Thursday,10,False,True
2025-10-23,Metropolitan Event Center,hist-sup-003,EVENT_VENUE,Food Surplus,187.43,kg,AMBIENT,42.2,MEDIUM,True,Thursday,10,False,True
2025-10-23,Sunrise University Canteen,hist-sup-004,INSTITUTION,Fresh Produce,47.6,kg,AMBIENT,51.2,CRITICAL,True,Thursday,10,False,True
2025-10-23,Harvest Organic Market,hist-sup-005,INSTITUTION,Fresh Produce,32.11,kg,AMBIENT,50.3,HIGH,True,Thursday,10,False,True
2025-10-23,The Riverside Hotel,hist-sup-006,HOTEL,Cooked Meals,76.59,kg,REFRIGERATED,4.5,HIGH,True,Thursday,10,False,True
2025-10-24,Grand Horizon Hotel,hist-sup-001,HOTEL,Cooked Meals,53.31,kg,REFRIGERATED,6.1,MEDIUM,True,Friday,10,False,True
2025-10-24,Bistro Verde Restaurant,hist-sup-002,RESTAURANT,Bakery Items,28.88,kg,AMBIENT,13.0,HIGH,True,Friday,10,False,True
2025-10-24,Metropolitan Event Center,hist-sup-003,EVENT_VENUE,Food Surplus,275.84,kg,AMBIENT,33.0,MEDIUM,True,Friday,10,False,True
2025-10-24,Sunrise University Canteen,hist-sup-004,INSTITUTION,Fresh Produce,106.3,kg,AMBIENT,53.8,MEDIUM,True,Friday,10,False,True
2025-10-24,Harvest Organic Market,hist-sup-005,INSTITUTION,Fresh Produce,86.25,kg,AMBIENT,31.4,LOW,True,Friday,10,False,True
2025-10-24,The Riverside Hotel,hist-sup-006,HOTEL,Food Surplus,62.27,kg,AMBIENT,11.7,MEDIUM,True,Friday,10,False,True
2025-10-25,Grand Horizon Hotel,hist-sup-001,HOTEL,Food Surplus,59.6,kg,AMBIENT,12.3,CRITICAL,True,Saturday,10,True,True
2025-10-25,Bistro Verde Restaurant,hist-sup-002,RESTAURANT,Bakery Items,11.85,kg,AMBIENT,23.7,MEDIUM,True,Saturday,10,True,True
2025-10-25,Metropolitan Event Center,hist-sup-003,EVENT_VENUE,Cooked Meals,400.74,kg,REFRIGERATED,11.6,MEDIUM,True,Saturday,10,True,True
2025-10-25,Sunrise University Canteen,hist-sup-004,INSTITUTION,Cooked Meals,203.31,kg,REFRIGERATED,10.3,CRITICAL,True,Saturday,10,True,True
2025-10-25,Harvest Organic Market,hist-sup-005,INSTITUTION,Fresh Produce,161.8,kg,AMBIENT,56.8,LOW,True,Saturday,10,True,True
2025-10-25,The Riverside Hotel,hist-sup-006,HOTEL,Cooked Meals,54.26,kg,REFRIGERATED,7.6,MEDIUM,True,Saturday,10,True,True
2025-10-26,Grand Horizon Hotel,hist-sup-001,HOTEL,Food Surplus,75.52,kg,AMBIENT,43.8,MEDIUM,True,Sunday,10,True,True
2025-10-26,Metropolitan Event Center,hist-sup-003,EVENT_VENUE,Food Surplus,184.1,kg,AMBIENT,14.4,HIGH,True,Sunday,10,True,True
2025-10-26,The Riverside Hotel,hist-sup-006,HOTEL,Cooked Meals,126.98,kg,REFRIGERATED,5.6,HIGH,True,Sunday,10,True,True
2025-10-27,Grand Horizon Hotel,hist-sup-001,HOTEL,Cooked Meals,89.67,kg,REFRIGERATED,9.9,MEDIUM,True,Monday,10,False,True
2025-10-27,Bistro Verde Restaurant,hist-sup-002,RESTAURANT,Bakery Items,34.19,kg,AMBIENT,19.6,MEDIUM,True,Monday,10,False,True
2025-10-27,Sunrise University Canteen,hist-sup-004,INSTITUTION,Cooked Meals,136.45,kg,REFRIGERATED,9.1,HIGH,True,Monday,10,False,True
2025-10-27,Harvest Organic Market,hist-sup-005,INSTITUTION,Fresh Produce,58.81,kg,AMBIENT,32.0,MEDIUM,True,Monday,10,False,True
2025-10-27,The Riverside Hotel,hist-sup-006,HOTEL,Cooked Meals,164.49,kg,REFRIGERATED,4.1,CRITICAL,True,Monday,10,False,True
2025-10-28,Grand Horizon Hotel,hist-sup-001,HOTEL,Cooked Meals,125.15,kg,REFRIGERATED,7.6,MEDIUM,True,Tuesday,10,False,True
2025-10-28,Bistro Verde Restaurant,hist-sup-002,RESTAURANT,Bakery Items,26.54,kg,AMBIENT,22.3,LOW,True,Tuesday,10,False,True
2025-10-28,Metropolitan Event Center,hist-sup-003,EVENT_VENUE,Cooked Meals,206.04,kg,REFRIGERATED,9.5,MEDIUM,True,Tuesday,10,False,True
2025-10-28,Sunrise University Canteen,hist-sup-004,INSTITUTION,Cooked Meals,137.9,kg,REFRIGERATED,8.9,MEDIUM,True,Tuesday,10,False,True
2025-10-28,Harvest Organic Market,hist-sup-005,INSTITUTION,Fresh Produce,106.22,kg,AMBIENT,62.7,MEDIUM,True,Tuesday,10,False,True
2025-10-28,The Riverside Hotel,hist-sup-006,HOTEL,Cooked Meals,38.16,kg,REFRIGERATED,7.8,MEDIUM,True,Tuesday,10,False,True
2025-10-29,Grand Horizon Hotel,hist-sup-001,HOTEL,Food Surplus,85.55,kg,AMBIENT,40.8,MEDIUM,False,Wednesday,10,False,True
2025-10-29,Bistro Verde Restaurant,hist-sup-002,RESTAURANT,Cooked Meals,62.79,kg,REFRIGERATED,6.1,HIGH,False,Wednesday,10,False,True
2025-10-29,Sunrise University Canteen,hist-sup-004,INSTITUTION,Fresh Produce,79.26,kg,AMBIENT,24.2,HIGH,False,Wednesday,10,False,True
2025-10-29,Harvest Organic Market,hist-sup-005,INSTITUTION,Fresh Produce,25.61,kg,AMBIENT,63.4,MEDIUM,False,Wednesday,10,False,True
2025-10-29,The Riverside Hotel,hist-sup-006,HOTEL,Food Surplus,154.55,kg,AMBIENT,17.7,HIGH,False,Wednesday,10,False,True
2025-10-30,Grand Horizon Hotel,hist-sup-001,HOTEL,Food Surplus,145.22,kg,AMBIENT,13.2,HIGH,False,Thursday,10,False,True
2025-10-30,Sunrise University Canteen,hist-sup-004,INSTITUTION,Cooked Meals,36.33,kg,REFRIGERATED,4.8,CRITICAL,False,Thursday,10,False,True
2025-10-30,Harvest Organic Market,hist-sup-005,INSTITUTION,Bakery Items,28.54,kg,AMBIENT,25.3,HIGH,False,Thursday,10,False,True
2025-10-30,The Riverside Hotel,hist-sup-006,HOTEL,Cooked Meals,14.05,kg,REFRIGERATED,4.1,CRITICAL,False,Thursday,10,False,True
2025-10-31,Grand Horizon Hotel,hist-sup-001,HOTEL,Cooked Meals,99.34,kg,REFRIGERATED,11.9,HIGH,False,Friday,10,False,True
2025-10-31,Bistro Verde Restaurant,hist-sup-002,RESTAURANT,Cooked Meals,22.25,kg,REFRIGERATED,11.2,MEDIUM,False,Friday,10,False,True
2025-10-31,Sunrise University Canteen,hist-sup-004,INSTITUTION,Fresh Produce,99.81,kg,AMBIENT,68.9,MEDIUM,False,Friday,10,False,True
2025-10-31,Harvest Organic Market,hist-sup-005,INSTITUTION,Fresh Produce,25.15,kg,AMBIENT,68.5,LOW,False,Friday,10,False,True
2025-10-31,The Riverside Hotel,hist-sup-006,HOTEL,Bakery Items,54.11,kg,AMBIENT,20.7,HIGH,False,Friday,10,False,True
2025-11-01,Grand Horizon Hotel,hist-sup-001,HOTEL,Food Surplus,186.95,kg,AMBIENT,24.5,MEDIUM,False,Saturday,11,True,True
2025-11-01,Bistro Verde Restaurant,hist-sup-002,RESTAURANT,Cooked Meals,63.52,kg,REFRIGERATED,11.3,HIGH,False,Saturday,11,True,True
2025-11-01,Sunrise University Canteen,hist-sup-004,INSTITUTION,Cooked Meals,101.54,kg,REFRIGERATED,9.0,HIGH,False,Saturday,11,True,True
2025-11-01,Harvest Organic Market,hist-sup-005,INSTITUTION,Bakery Items,39.73,kg,AMBIENT,25.1,LOW,False,Saturday,11,True,True
2025-11-01,The Riverside Hotel,hist-sup-006,HOTEL,Cooked Meals,46.94,kg,REFRIGERATED,4.2,MEDIUM,False,Saturday,11,True,True
2025-11-02,Grand Horizon Hotel,hist-sup-001,HOTEL,Cooked Meals,47.7,kg,REFRIGERATED,4.2,MEDIUM,False,Sunday,11,True,True
2025-11-02,Bistro Verde Restaurant,hist-sup-002,RESTAURANT,Cooked Meals,42.92,kg,REFRIGERATED,7.9,CRITICAL,False,Sunday,11,True,True
2025-11-02,The Riverside Hotel,hist-sup-006,HOTEL,Bakery Items,48.59,kg,AMBIENT,18.0,LOW,False,Sunday,11,True,True
2025-11-03,Grand Horizon Hotel,hist-sup-001,HOTEL,Food Surplus,147.76,kg,AMBIENT,12.1,HIGH,False,Monday,11,False,True
2025-11-03,Bistro Verde Restaurant,hist-sup-002,RESTAURANT,Cooked Meals,65.78,kg,REFRIGERATED,11.1,MEDIUM,False,Monday,11,False,True
2025-11-03,Sunrise University Canteen,hist-sup-004,INSTITUTION,Cooked Meals,59.01,kg,REFRIGERATED,7.4,HIGH,False,Monday,11,False,True
2025-11-03,Harvest Organic Market,hist-sup-005,INSTITUTION,Fresh Produce,81.07,kg,AMBIENT,36.1,MEDIUM,False,Monday,11,False,True
2025-11-03,The Riverside Hotel,hist-sup-006,HOTEL,Food Surplus,101.48,kg,AMBIENT,29.2,MEDIUM,False,Monday,11,False,True
2025-11-04,Grand Horizon Hotel,hist-sup-001,HOTEL,Food Surplus,92.48,kg,AMBIENT,16.6,MEDIUM,False,Tuesday,11,False,True
2025-11-04,Bistro Verde Restaurant,hist-sup-002,RESTAURANT,Bakery Items,8.81,kg,AMBIENT,19.6,LOW,False,Tuesday,11,False,True
2025-11-04,Sunrise University Canteen,hist-sup-004,INSTITUTION,Fresh Produce,112.12,kg,AMBIENT,52.9,MEDIUM,False,Tuesday,11,False,True
2025-11-04,Harvest Organic Market,hist-sup-005,INSTITUTION,Bakery Items,27.47,kg,AMBIENT,34.7,HIGH,False,Tuesday,11,False,True
2025-11-04,The Riverside Hotel,hist-sup-006,HOTEL,Food Surplus,98.78,kg,AMBIENT,20.7,MEDIUM,False,Tuesday,11,False,True
2025-11-05,Grand Horizon Hotel,hist-sup-001,HOTEL,Food Surplus,110.45,kg,AMBIENT,47.6,MEDIUM,False,Wednesday,11,False,True
2025-11-05,Bistro Verde Restaurant,hist-sup-002,RESTAURANT,Cooked Meals,40.66,kg,REFRIGERATED,4.2,LOW,False,Wednesday,11,False,True
2025-11-05,Sunrise University Canteen,hist-sup-004,INSTITUTION,Cooked Meals,82.07,kg,REFRIGERATED,6.3,HIGH,False,Wednesday,11,False,True
2025-11-05,Harvest Organic Market,hist-sup-005,INSTITUTION,Fresh Produce,60.73,kg,AMBIENT,63.8,MEDIUM,False,Wednesday,11,False,True
2025-11-05,The Riverside Hotel,hist-sup-006,HOTEL,Bakery Items,44.61,kg,AMBIENT,21.6,MEDIUM,False,Wednesday,11,False,True
2025-11-06,Grand Horizon Hotel,hist-sup-001,HOTEL,Cooked Meals,61.04,kg,REFRIGERATED,10.8,CRITICAL,False,Thursday,11,False,True
2025-11-06,Bistro Verde Restaurant,hist-sup-002,RESTAURANT,Bakery Items,27.45,kg,AMBIENT,14.5,MEDIUM,False,Thursday,11,False,True
2025-11-06,Sunrise University Canteen,hist-sup-004,INSTITUTION,Fresh Produce,123.34,kg,AMBIENT,28.2,MEDIUM,False,Thursday,11,False,True
2025-11-06,Harvest Organic Market,hist-sup-005,INSTITUTION,Fresh Produce,98.09,kg,AMBIENT,65.7,LOW,False,Thursday,11,False,True
2025-11-06,The Riverside Hotel,hist-sup-006,HOTEL,Cooked Meals,17.94,kg,REFRIGERATED,9.5,HIGH,False,Thursday,11,False,True
2025-11-07,Grand Horizon Hotel,hist-sup-001,HOTEL,Cooked Meals,142.77,kg,REFRIGERATED,8.7,MEDIUM,False,Friday,11,False,True
2025-11-07,Bistro Verde Restaurant,hist-sup-002,RESTAURANT,Cooked Meals,69.94,kg,REFRIGERATED,7.3,MEDIUM,False,Friday,11,False,True
2025-11-07,Metropolitan Event Center,hist-sup-003,EVENT_VENUE,Food Surplus,103.04,kg,AMBIENT,34.5,HIGH,False,Friday,11,False,True
2025-11-07,Sunrise University Canteen,hist-sup-004,INSTITUTION,Fresh Produce,49.81,kg,AMBIENT,28.0,MEDIUM,False,Friday,11,False,True
2025-11-07,Harvest Organic Market,hist-sup-005,INSTITUTION,Fresh Produce,97.43,kg,AMBIENT,27.6,MEDIUM,False,Friday,11,False,True
2025-11-07,The Riverside Hotel,hist-sup-006,HOTEL,Food Surplus,48.52,kg,AMBIENT,12.2,MEDIUM,False,Friday,11,False,True
2025-11-08,Grand Horizon Hotel,hist-sup-001,HOTEL,Food Surplus,149.92,kg,AMBIENT,20.5,MEDIUM,False,Saturday,11,True,True
2025-11-08,Bistro Verde Restaurant,hist-sup-002,RESTAURANT,Cooked Meals,91.56,kg,REFRIGERATED,11.8,HIGH,False,Saturday,11,True,True
2025-11-08,Sunrise University Canteen,hist-sup-004,INSTITUTION,Cooked Meals,27.94,kg,REFRIGERATED,7.4,HIGH,False,Saturday,11,True,True
2025-11-08,Harvest Organic Market,hist-sup-005,INSTITUTION,Fresh Produce,43.49,kg,AMBIENT,35.5,HIGH,False,Saturday,11,True,True
2025-11-08,The Riverside Hotel,hist-sup-006,HOTEL,Cooked Meals,70.03,kg,REFRIGERATED,8.2,MEDIUM,False,Saturday,11,True,True
2025-11-09,Grand Horizon Hotel,hist-sup-001,HOTEL,Cooked Meals,86.81,kg,REFRIGERATED,7.4,MEDIUM,False,Sunday,11,True,True
2025-11-09,Bistro Verde Restaurant,hist-sup-002,RESTAURANT,Bakery Items,10.8,kg,AMBIENT,27.6,MEDIUM,False,Sunday,11,True,True
2025-11-09,The Riverside Hotel,hist-sup-006,HOTEL,Food Surplus,103.74,kg,AMBIENT,10.0,MEDIUM,False,Sunday,11,True,True
2025-11-10,Grand Horizon Hotel,hist-sup-001,HOTEL,Cooked Meals,23.4,kg,REFRIGERATED,4.3,HIGH,False,Monday,11,False,True
2025-11-10,Bistro Verde Restaurant,hist-sup-002,RESTAURANT,Cooked Meals,29.52,kg,REFRIGERATED,7.2,MEDIUM,False,Monday,11,False,True
2025-11-10,Sunrise University Canteen,hist-sup-004,INSTITUTION,Fresh Produce,69.34,kg,AMBIENT,32.2,LOW,False,Monday,11,False,True
2025-11-10,Harvest Organic Market,hist-sup-005,INSTITUTION,Bakery Items,34.06,kg,AMBIENT,28.8,MEDIUM,False,Monday,11,False,True
2025-11-10,The Riverside Hotel,hist-sup-006,HOTEL,Food Surplus,54.19,kg,AMBIENT,20.6,LOW,False,Monday,11,False,True
2025-11-11,Grand Horizon Hotel,hist-sup-001,HOTEL,Food Surplus,54.43,kg,AMBIENT,21.4,LOW,False,Tuesday,11,False,True
2025-11-11,Bistro Verde Restaurant,hist-sup-002,RESTAURANT,Cooked Meals,19.13,kg,REFRIGERATED,10.1,LOW,False,Tuesday,11,False,True
2025-11-11,Sunrise University Canteen,hist-sup-004,INSTITUTION,Cooked Meals,52.3,kg,REFRIGERATED,10.6,HIGH,False,Tuesday,11,False,True
2025-11-11,Harvest Organic Market,hist-sup-005,INSTITUTION,Fresh Produce,75.24,kg,AMBIENT,32.0,LOW,False,Tuesday,11,False,True
2025-11-11,The Riverside Hotel,hist-sup-006,HOTEL,Bakery Items,42.17,kg,AMBIENT,20.4,MEDIUM,False,Tuesday,11,False,True
2025-11-12,Grand Horizon Hotel,hist-sup-001,HOTEL,Food Surplus,90.89,kg,AMBIENT,8.5,MEDIUM,False,Wednesday,11,False,True
2025-11-12,Bistro Verde Restaurant,hist-sup-002,RESTAURANT,Bakery Items,6.96,kg,AMBIENT,12.5,CRITICAL,False,Wednesday,11,False,True
2025-11-12,Sunrise University Canteen,hist-sup-004,INSTITUTION,Cooked Meals,32.17,kg,REFRIGERATED,4.2,HIGH,False,Wednesday,11,False,True
2025-11-12,Harvest Organic Market,hist-sup-005,INSTITUTION,Bakery Items,16.95,kg,AMBIENT,34.9,MEDIUM,False,Wednesday,11,False,True
2025-11-12,The Riverside Hotel,hist-sup-006,HOTEL,Food Surplus,91.6,kg,AMBIENT,44.0,MEDIUM,False,Wednesday,11,False,True
2025-11-13,Grand Horizon Hotel,hist-sup-001,HOTEL,Cooked Meals,42.49,kg,REFRIGERATED,7.1,MEDIUM,False,Thursday,11,False,True
2025-11-13,Sunrise University Canteen,hist-sup-004,INSTITUTION,Fresh Produce,87.66,kg,AMBIENT,29.9,MEDIUM,False,Thursday,11,False,True
2025-11-13,Harvest Organic Market,hist-sup-005,INSTITUTION,Bakery Items,17.13,kg,AMBIENT,28.5,MEDIUM,False,Thursday,11,False,True
2025-11-13,The Riverside Hotel,hist-sup-006,HOTEL,Bakery Items,36.24,kg,AMBIENT,27.9,MEDIUM,False,Thursday,11,False,True
2025-11-14,Grand Horizon Hotel,hist-sup-001,HOTEL,Food Surplus,31.4,kg,AMBIENT,31.7,LOW,False,Friday,11,False,True
2025-11-14,Bistro Verde Restaurant,hist-sup-002,RESTAURANT,Bakery Items,15.37,kg,AMBIENT,32.0,LOW,False,Friday,11,False,True
2025-11-14,Metropolitan Event Center,hist-sup-003,EVENT_VENUE,Cooked Meals,86.82,kg,REFRIGERATED,8.5,CRITICAL,False,Friday,11,False,True
2025-11-14,Sunrise University Canteen,hist-sup-004,INSTITUTION,Cooked Meals,93.82,kg,REFRIGERATED,5.6,HIGH,False,Friday,11,False,True
2025-11-14,Harvest Organic Market,hist-sup-005,INSTITUTION,Fresh Produce,24.78,kg,AMBIENT,56.6,MEDIUM,False,Friday,11,False,True
2025-11-14,The Riverside Hotel,hist-sup-006,HOTEL,Cooked Meals,96.63,kg,REFRIGERATED,11.4,HIGH,False,Friday,11,False,True
2025-11-15,Grand Horizon Hotel,hist-sup-001,HOTEL,Food Surplus,137.06,kg,AMBIENT,35.3,LOW,False,Saturday,11,True,True
2025-11-15,Bistro Verde Restaurant,hist-sup-002,RESTAURANT,Cooked Meals,44.04,kg,REFRIGERATED,4.7,HIGH,False,Saturday,11,True,True
2025-11-15,Sunrise University Canteen,hist-sup-004,INSTITUTION,Fresh Produce,132.12,kg,AMBIENT,49.3,MEDIUM,False,Saturday,11,True,True
2025-11-15,Harvest Organic Market,hist-sup-005,INSTITUTION,Bakery Items,25.34,kg,AMBIENT,22.3,MEDIUM,False,Saturday,11,True,True
2025-11-15,The Riverside Hotel,hist-sup-006,HOTEL,Cooked Meals,181.03,kg,REFRIGERATED,4.7,MEDIUM,False,Saturday,11,True,True
2025-11-16,Grand Horizon Hotel,hist-sup-001,HOTEL,Cooked Meals,127.05,kg,REFRIGERATED,7.0,HIGH,False,Sunday,11,True,True
2025-11-16,Bistro Verde Restaurant,hist-sup-002,RESTAURANT,Bakery Items,8.02,kg,AMBIENT,28.1,MEDIUM,False,Sunday,11,True,True
2025-11-16,The Riverside Hotel,hist-sup-006,HOTEL,Bakery Items,57.87,kg,AMBIENT,27.6,MEDIUM,False,Sunday,11,True,True
2025-11-17,Grand Horizon Hotel,hist-sup-001,HOTEL,Food Surplus,96.61,kg,AMBIENT,12.9,HIGH,False,Monday,11,False,True
2025-11-17,Bistro Verde Restaurant,hist-sup-002,RESTAURANT,Cooked Meals,36.64,kg,REFRIGERATED,8.1,HIGH,False,Monday,11,False,True
2025-11-17,Sunrise University Canteen,hist-sup-004,INSTITUTION,Cooked Meals,30.54,kg,REFRIGERATED,4.1,HIGH,False,Monday,11,False,True
2025-11-17,Harvest Organic Market,hist-sup-005,INSTITUTION,Fresh Produce,36.67,kg,AMBIENT,31.3,HIGH,False,Monday,11,False,True
2025-11-17,The Riverside Hotel,hist-sup-006,HOTEL,Cooked Meals,24.46,kg,REFRIGERATED,7.6,LOW,False,Monday,11,False,True
2025-11-18,Grand Horizon Hotel,hist-sup-001,HOTEL,Food Surplus,101.02,kg,AMBIENT,15.4,MEDIUM,False,Tuesday,11,False,True
2025-11-18,Bistro Verde Restaurant,hist-sup-002,RESTAURANT,Bakery Items,25.43,kg,AMBIENT,26.8,MEDIUM,False,Tuesday,11,False,True
2025-11-18,Sunrise University Canteen,hist-sup-004,INSTITUTION,Cooked Meals,18.96,kg,REFRIGERATED,9.9,MEDIUM,False,Tuesday,11,False,True
2025-11-18,Harvest Organic Market,hist-sup-005,INSTITUTION,Bakery Items,17.01,kg,AMBIENT,20.8,LOW,False,Tuesday,11,False,True
2025-11-18,The Riverside Hotel,hist-sup-006,HOTEL,Cooked Meals,66.34,kg,REFRIGERATED,10.5,MEDIUM,False,Tuesday,11,False,True
2025-11-19,Grand Horizon Hotel,hist-sup-001,HOTEL,Cooked Meals,95.95,kg,REFRIGERATED,9.2,HIGH,False,Wednesday,11,False,True
2025-11-19,Bistro Verde Restaurant,hist-sup-002,RESTAURANT,Cooked Meals,63.83,kg,REFRIGERATED,6.8,MEDIUM,False,Wednesday,11,False,True
2025-11-19,Sunrise University Canteen,hist-sup-004,INSTITUTION,Cooked Meals,75.87,kg,REFRIGERATED,8.0,MEDIUM,False,Wednesday,11,False,True
2025-11-19,Harvest Organic Market,hist-sup-005,INSTITUTION,Bakery Items,27.32,kg,AMBIENT,16.2,LOW,False,Wednesday,11,False,True
2025-11-19,The Riverside Hotel,hist-sup-006,HOTEL,Food Surplus,57.76,kg,AMBIENT,19.1,MEDIUM,False,Wednesday,11,False,True
2025-11-20,Grand Horizon Hotel,hist-sup-001,HOTEL,Food Surplus,26.56,kg,AMBIENT,41.6,MEDIUM,False,Thursday,11,False,True
2025-11-20,Sunrise University Canteen,hist-sup-004,INSTITUTION,Fresh Produce,32.42,kg,AMBIENT,40.7,MEDIUM,False,Thursday,11,False,True
2025-11-20,Harvest Organic Market,hist-sup-005,INSTITUTION,Fresh Produce,29.62,kg,AMBIENT,59.2,LOW,False,Thursday,11,False,True
2025-11-20,The Riverside Hotel,hist-sup-006,HOTEL,Bakery Items,39.48,kg,AMBIENT,35.6,HIGH,False,Thursday,11,False,True
2025-11-21,Grand Horizon Hotel,hist-sup-001,HOTEL,Cooked Meals,31.01,kg,REFRIGERATED,11.0,HIGH,False,Friday,11,False,True
2025-11-21,Bistro Verde Restaurant,hist-sup-002,RESTAURANT,Bakery Items,35.44,kg,AMBIENT,12.9,HIGH,False,Friday,11,False,True
2025-11-21,Sunrise University Canteen,hist-sup-004,INSTITUTION,Cooked Meals,92.09,kg,REFRIGERATED,6.6,HIGH,False,Friday,11,False,True
2025-11-21,Harvest Organic Market,hist-sup-005,INSTITUTION,Fresh Produce,29.64,kg,AMBIENT,34.8,MEDIUM,False,Friday,11,False,True
2025-11-21,The Riverside Hotel,hist-sup-006,HOTEL,Food Surplus,118.5,kg,AMBIENT,15.7,HIGH,False,Friday,11,False,True
2025-11-22,Grand Horizon Hotel,hist-sup-001,HOTEL,Cooked Meals,87.12,kg,REFRIGERATED,7.3,MEDIUM,True,Saturday,11,True,True
2025-11-22,Bistro Verde Restaurant,hist-sup-002,RESTAURANT,Cooked Meals,88.0,kg,REFRIGERATED,9.8,MEDIUM,True,Saturday,11,True,True
2025-11-22,Metropolitan Event Center,hist-sup-003,EVENT_VENUE,Food Surplus,325.99,kg,AMBIENT,30.3,LOW,True,Saturday,11,True,True
2025-11-22,Sunrise University Canteen,hist-sup-004,INSTITUTION,Fresh Produce,170.66,kg,AMBIENT,51.3,LOW,True,Saturday,11,True,True
2025-11-22,Harvest Organic Market,hist-sup-005,INSTITUTION,Fresh Produce,35.29,kg,AMBIENT,34.8,HIGH,True,Saturday,11,True,True
2025-11-22,The Riverside Hotel,hist-sup-006,HOTEL,Bakery Items,37.66,kg,AMBIENT,32.9,LOW,True,Saturday,11,True,True
2025-11-23,Grand Horizon Hotel,hist-sup-001,HOTEL,Cooked Meals,196.55,kg,REFRIGERATED,4.5,HIGH,True,Sunday,11,True,True
2025-11-23,Bistro Verde Restaurant,hist-sup-002,RESTAURANT,Bakery Items,58.96,kg,AMBIENT,27.7,LOW,True,Sunday,11,True,True
2025-11-23,Metropolitan Event Center,hist-sup-003,EVENT_VENUE,Food Surplus,322.19,kg,AMBIENT,37.4,HIGH,True,Sunday,11,True,True
2025-11-23,The Riverside Hotel,hist-sup-006,HOTEL,Cooked Meals,188.76,kg,REFRIGERATED,8.9,HIGH,True,Sunday,11,True,True
2025-11-24,Grand Horizon Hotel,hist-sup-001,HOTEL,Food Surplus,194.89,kg,AMBIENT,11.2,HIGH,True,Monday,11,False,True
2025-11-24,Metropolitan Event Center,hist-sup-003,EVENT_VENUE,Food Surplus,103.68,kg,AMBIENT,17.0,MEDIUM,True,Monday,11,False,True
2025-11-24,Sunrise University Canteen,hist-sup-004,INSTITUTION,Cooked Meals,15.8,kg,REFRIGERATED,8.3,HIGH,True,Monday,11,False,True
2025-11-24,Harvest Organic Market,hist-sup-005,INSTITUTION,Fresh Produce,59.22,kg,AMBIENT,60.8,MEDIUM,True,Monday,11,False,True
2025-11-24,The Riverside Hotel,hist-sup-006,HOTEL,Bakery Items,44.31,kg,AMBIENT,33.7,MEDIUM,True,Monday,11,False,True
2025-11-25,Grand Horizon Hotel,hist-sup-001,HOTEL,Cooked Meals,58.98,kg,REFRIGERATED,4.1,HIGH,True,Tuesday,11,False,True
2025-11-25,Bistro Verde Restaurant,hist-sup-002,RESTAURANT,Cooked Meals,71.49,kg,REFRIGERATED,4.6,MEDIUM,True,Tuesday,11,False,True
2025-11-25,Metropolitan Event Center,hist-sup-003,EVENT_VENUE,Food Surplus,157.32,kg,AMBIENT,43.6,CRITICAL,True,Tuesday,11,False,True
2025-11-25,Sunrise University Canteen,hist-sup-004,INSTITUTION,Fresh Produce,100.43,kg,AMBIENT,50.1,MEDIUM,True,Tuesday,11,False,True
2025-11-25,Harvest Organic Market,hist-sup-005,INSTITUTION,Bakery Items,50.36,kg,AMBIENT,22.6,MEDIUM,True,Tuesday,11,False,True
2025-11-25,The Riverside Hotel,hist-sup-006,HOTEL,Food Surplus,63.8,kg,AMBIENT,35.9,MEDIUM,True,Tuesday,11,False,True
2025-11-26,Grand Horizon Hotel,hist-sup-001,HOTEL,Food Surplus,162.6,kg,AMBIENT,19.2,LOW,True,Wednesday,11,False,True
2025-11-26,Bistro Verde Restaurant,hist-sup-002,RESTAURANT,Cooked Meals,40.02,kg,REFRIGERATED,10.3,LOW,True,Wednesday,11,False,True
2025-11-26,Metropolitan Event Center,hist-sup-003,EVENT_VENUE,Cooked Meals,314.07,kg,REFRIGERATED,4.9,HIGH,True,Wednesday,11,False,True
2025-11-26,Sunrise University Canteen,hist-sup-004,INSTITUTION,Fresh Produce,116.63,kg,AMBIENT,65.0,MEDIUM,True,Wednesday,11,False,True
2025-11-26,Harvest Organic Market,hist-sup-005,INSTITUTION,Bakery Items,19.66,kg,AMBIENT,16.9,LOW,True,Wednesday,11,False,True
2025-11-26,The Riverside Hotel,hist-sup-006,HOTEL,Cooked Meals,89.68,kg,REFRIGERATED,11.3,HIGH,True,Wednesday,11,False,True
2025-11-27,Grand Horizon Hotel,hist-sup-001,HOTEL,Food Surplus,119.44,kg,AMBIENT,38.3,MEDIUM,True,Thursday,11,False,True
2025-11-27,Bistro Verde Restaurant,hist-sup-002,RESTAURANT,Bakery Items,49.67,kg,AMBIENT,31.4,MEDIUM,True,Thursday,11,False,True
2025-11-27,Sunrise University Canteen,hist-sup-004,INSTITUTION,Fresh Produce,154.1,kg,AMBIENT,46.2,MEDIUM,True,Thursday,11,False,True
2025-11-27,Harvest Organic Market,hist-sup-005,INSTITUTION,Bakery Items,12.44,kg,AMBIENT,15.2,LOW,True,Thursday,11,False,True
2025-11-27,The Riverside Hotel,hist-sup-006,HOTEL,Bakery Items,8.65,kg,AMBIENT,25.0,MEDIUM,True,Thursday,11,False,True
2025-11-28,Grand Horizon Hotel,hist-sup-001,HOTEL,Food Surplus,107.76,kg,AMBIENT,32.3,LOW,True,Friday,11,False,True
2025-11-28,Bistro Verde Restaurant,hist-sup-002,RESTAURANT,Bakery Items,29.22,kg,AMBIENT,22.7,LOW,True,Friday,11,False,True
2025-11-28,Metropolitan Event Center,hist-sup-003,EVENT_VENUE,Food Surplus,503.99,kg,AMBIENT,10.3,CRITICAL,True,Friday,11,False,True
2025-11-28,Sunrise University Canteen,hist-sup-004,INSTITUTION,Fresh Produce,153.38,kg,AMBIENT,36.4,MEDIUM,True,Friday,11,False,True
2025-11-28,Harvest Organic Market,hist-sup-005,INSTITUTION,Bakery Items,13.27,kg,AMBIENT,13.2,MEDIUM,True,Friday,11,False,True
2025-11-28,The Riverside Hotel,hist-sup-006,HOTEL,Food Surplus,116.58,kg,AMBIENT,20.7,MEDIUM,True,Friday,11,False,True
2025-11-29,Grand Horizon Hotel,hist-sup-001,HOTEL,Food Surplus,260.28,kg,AMBIENT,42.0,MEDIUM,False,Saturday,11,True,True
2025-11-29,Bistro Verde Restaurant,hist-sup-002,RESTAURANT,Cooked Meals,42.73,kg,REFRIGERATED,4.6,HIGH,False,Saturday,11,True,True
2025-11-29,Sunrise University Canteen,hist-sup-004,INSTITUTION,Fresh Produce,111.04,kg,AMBIENT,27.4,MEDIUM,False,Saturday,11,True,True
2025-11-29,Harvest Organic Market,hist-sup-005,INSTITUTION,Fresh Produce,44.87,kg,AMBIENT,61.8,MEDIUM,False,Saturday,11,True,True
2025-11-29,The Riverside Hotel,hist-sup-006,HOTEL,Food Surplus,87.77,kg,AMBIENT,9.2,MEDIUM,False,Saturday,11,True,True
2025-11-30,Grand Horizon Hotel,hist-sup-001,HOTEL,Cooked Meals,169.92,kg,REFRIGERATED,4.2,HIGH,False,Sunday,11,True,True
2025-11-30,Bistro Verde Restaurant,hist-sup-002,RESTAURANT,Bakery Items,36.29,kg,AMBIENT,27.8,LOW,False,Sunday,11,True,True
2025-11-30,The Riverside Hotel,hist-sup-006,HOTEL,Cooked Meals,110.27,kg,REFRIGERATED,12.0,HIGH,False,Sunday,11,True,True
2025-12-01,Grand Horizon Hotel,hist-sup-001,HOTEL,Cooked Meals,119.32,kg,REFRIGERATED,7.8,MEDIUM,False,Monday,12,False,True
2025-12-01,Bistro Verde Restaurant,hist-sup-002,RESTAURANT,Bakery Items,10.6,kg,AMBIENT,25.8,HIGH,False,Monday,12,False,True
2025-12-01,Sunrise University Canteen,hist-sup-004,INSTITUTION,Fresh Produce,45.03,kg,AMBIENT,57.3,MEDIUM,False,Monday,12,False,True
2025-12-01,Harvest Organic Market,hist-sup-005,INSTITUTION,Bakery Items,24.59,kg,AMBIENT,20.4,MEDIUM,False,Monday,12,False,True
2025-12-01,The Riverside Hotel,hist-sup-006,HOTEL,Food Surplus,85.16,kg,AMBIENT,17.2,HIGH,False,Monday,12,False,True
2025-12-02,Grand Horizon Hotel,hist-sup-001,HOTEL,Cooked Meals,146.76,kg,REFRIGERATED,7.3,HIGH,False,Tuesday,12,False,True
2025-12-02,Bistro Verde Restaurant,hist-sup-002,RESTAURANT,Bakery Items,28.48,kg,AMBIENT,21.8,MEDIUM,False,Tuesday,12,False,True
2025-12-02,Metropolitan Event Center,hist-sup-003,EVENT_VENUE,Cooked Meals,130.41,kg,REFRIGERATED,10.2,HIGH,False,Tuesday,12,False,True
2025-12-02,Sunrise University Canteen,hist-sup-004,INSTITUTION,Cooked Meals,20.94,kg,REFRIGERATED,9.7,MEDIUM,False,Tuesday,12,False,True
2025-12-02,Harvest Organic Market,hist-sup-005,INSTITUTION,Fresh Produce,118.28,kg,AMBIENT,25.1,LOW,False,Tuesday,12,False,True
2025-12-02,The Riverside Hotel,hist-sup-006,HOTEL,Food Surplus,167.18,kg,AMBIENT,22.2,MEDIUM,False,Tuesday,12,False,True
2025-12-03,Grand Horizon Hotel,hist-sup-001,HOTEL,Food Surplus,38.19,kg,AMBIENT,43.9,HIGH,False,Wednesday,12,False,True
2025-12-03,Bistro Verde Restaurant,hist-sup-002,RESTAURANT,Cooked Meals,88.91,kg,REFRIGERATED,6.8,MEDIUM,False,Wednesday,12,False,True
2025-12-03,Sunrise University Canteen,hist-sup-004,INSTITUTION,Fresh Produce,65.0,kg,AMBIENT,46.9,LOW,False,Wednesday,12,False,True
2025-12-03,Harvest Organic Market,hist-sup-005,INSTITUTION,Fresh Produce,43.02,kg,AMBIENT,56.3,MEDIUM,False,Wednesday,12,False,True
2025-12-03,The Riverside Hotel,hist-sup-006,HOTEL,Cooked Meals,67.65,kg,REFRIGERATED,8.7,CRITICAL,False,Wednesday,12,False,True
2025-12-04,Grand Horizon Hotel,hist-sup-001,HOTEL,Food Surplus,120.71,kg,AMBIENT,29.0,MEDIUM,False,Thursday,12,False,True
2025-12-04,Sunrise University Canteen,hist-sup-004,INSTITUTION,Cooked Meals,100.55,kg,REFRIGERATED,4.3,CRITICAL,False,Thursday,12,False,True
2025-12-04,Harvest Organic Market,hist-sup-005,INSTITUTION,Fresh Produce,60.63,kg,AMBIENT,39.1,MEDIUM,False,Thursday,12,False,True
2025-12-04,The Riverside Hotel,hist-sup-006,HOTEL,Bakery Items,27.93,kg,AMBIENT,22.5,HIGH,False,Thursday,12,False,True
2025-12-05,Grand Horizon Hotel,hist-sup-001,HOTEL,Food Surplus,180.4,kg,AMBIENT,34.7,LOW,False,Friday,12,False,True
2025-12-05,Bistro Verde Restaurant,hist-sup-002,RESTAURANT,Cooked Meals,7.1,kg,REFRIGERATED,11.2,CRITICAL,False,Friday,12,False,True
2025-12-05,Sunrise University Canteen,hist-sup-004,INSTITUTION,Cooked Meals,58.39,kg,REFRIGERATED,6.3,CRITICAL,False,Friday,12,False,True
2025-12-05,Harvest Organic Market,hist-sup-005,INSTITUTION,Bakery Items,20.57,kg,AMBIENT,31.9,LOW,False,Friday,12,False,True
2025-12-05,The Riverside Hotel,hist-sup-006,HOTEL,Food Surplus,168.16,kg,AMBIENT,27.7,LOW,False,Friday,12,False,True
2025-12-06,Grand Horizon Hotel,hist-sup-001,HOTEL,Food Surplus,203.48,kg,AMBIENT,12.7,MEDIUM,False,Saturday,12,True,True
2025-12-06,Bistro Verde Restaurant,hist-sup-002,RESTAURANT,Cooked Meals,70.68,kg,REFRIGERATED,6.2,HIGH,False,Saturday,12,True,True
2025-12-06,Sunrise University Canteen,hist-sup-004,INSTITUTION,Fresh Produce,172.91,kg,AMBIENT,25.8,LOW,False,Saturday,12,True,True
2025-12-06,Harvest Organic Market,hist-sup-005,INSTITUTION,Bakery Items,11.3,kg,AMBIENT,27.0,HIGH,False,Saturday,12,True,True
2025-12-06,The Riverside Hotel,hist-sup-006,HOTEL,Cooked Meals,36.15,kg,REFRIGERATED,7.0,CRITICAL,False,Saturday,12,True,True
2025-12-07,Grand Horizon Hotel,hist-sup-001,HOTEL,Food Surplus,107.77,kg,AMBIENT,27.9,LOW,False,Sunday,12,True,True
2025-12-07,Bistro Verde Restaurant,hist-sup-002,RESTAURANT,Cooked Meals,97.79,kg,REFRIGERATED,10.9,HIGH,False,Sunday,12,True,True
2025-12-07,Metropolitan Event Center,hist-sup-003,EVENT_VENUE,Food Surplus,125.99,kg,AMBIENT,9.6,HIGH,False,Sunday,12,True,True
2025-12-07,The Riverside Hotel,hist-sup-006,HOTEL,Bakery Items,35.55,kg,AMBIENT,27.8,LOW,False,Sunday,12,True,True
2025-12-08,Grand Horizon Hotel,hist-sup-001,HOTEL,Cooked Meals,117.76,kg,REFRIGERATED,9.0,HIGH,False,Monday,12,False,True
2025-12-08,Bistro Verde Restaurant,hist-sup-002,RESTAURANT,Bakery Items,6.43,kg,AMBIENT,14.7,HIGH,False,Monday,12,False,True
2025-12-08,Sunrise University Canteen,hist-sup-004,INSTITUTION,Fresh Produce,62.76,kg,AMBIENT,46.3,MEDIUM,False,Monday,12,False,True
2025-12-08,Harvest Organic Market,hist-sup-005,INSTITUTION,Bakery Items,28.26,kg,AMBIENT,30.6,MEDIUM,False,Monday,12,False,True
2025-12-08,The Riverside Hotel,hist-sup-006,HOTEL,Bakery Items,37.71,kg,AMBIENT,18.4,LOW,False,Monday,12,False,True
2025-12-09,Grand Horizon Hotel,hist-sup-001,HOTEL,Food Surplus,35.24,kg,AMBIENT,38.9,LOW,False,Tuesday,12,False,True
2025-12-09,Bistro Verde Restaurant,hist-sup-002,RESTAURANT,Bakery Items,26.98,kg,AMBIENT,13.3,MEDIUM,False,Tuesday,12,False,True
2025-12-09,Sunrise University Canteen,hist-sup-004,INSTITUTION,Cooked Meals,41.34,kg,REFRIGERATED,7.3,HIGH,False,Tuesday,12,False,True
2025-12-09,Harvest Organic Market,hist-sup-005,INSTITUTION,Fresh Produce,129.8,kg,AMBIENT,53.3,LOW,False,Tuesday,12,False,True
2025-12-09,The Riverside Hotel,hist-sup-006,HOTEL,Food Surplus,30.88,kg,AMBIENT,23.2,MEDIUM,False,Tuesday,12,False,True
2025-12-10,Grand Horizon Hotel,hist-sup-001,HOTEL,Food Surplus,114.97,kg,AMBIENT,28.7,MEDIUM,False,Wednesday,12,False,True
2025-12-10,Bistro Verde Restaurant,hist-sup-002,RESTAURANT,Cooked Meals,57.64,kg,REFRIGERATED,7.2,HIGH,False,Wednesday,12,False,True
2025-12-10,Sunrise University Canteen,hist-sup-004,INSTITUTION,Fresh Produce,69.51,kg,AMBIENT,69.1,LOW,False,Wednesday,12,False,True
2025-12-10,Harvest Organic Market,hist-sup-005,INSTITUTION,Fresh Produce,88.33,kg,AMBIENT,62.0,LOW,False,Wednesday,12,False,True
2025-12-10,The Riverside Hotel,hist-sup-006,HOTEL,Cooked Meals,38.95,kg,REFRIGERATED,6.2,MEDIUM,False,Wednesday,12,False,True
2025-12-11,Grand Horizon Hotel,hist-sup-001,HOTEL,Food Surplus,41.99,kg,AMBIENT,37.6,LOW,False,Thursday,12,False,True
2025-12-11,Bistro Verde Restaurant,hist-sup-002,RESTAURANT,Cooked Meals,38.09,kg,REFRIGERATED,4.2,HIGH,False,Thursday,12,False,True
2025-12-11,Sunrise University Canteen,hist-sup-004,INSTITUTION,Cooked Meals,58.61,kg,REFRIGERATED,10.3,MEDIUM,False,Thursday,12,False,True
2025-12-11,Harvest Organic Market,hist-sup-005,INSTITUTION,Bakery Items,25.73,kg,AMBIENT,19.3,MEDIUM,False,Thursday,12,False,True
2025-12-11,The Riverside Hotel,hist-sup-006,HOTEL,Food Surplus,104.51,kg,AMBIENT,23.1,MEDIUM,False,Thursday,12,False,True
2025-12-12,Grand Horizon Hotel,hist-sup-001,HOTEL,Food Surplus,76.42,kg,AMBIENT,29.3,LOW,False,Friday,12,False,True
2025-12-12,Bistro Verde Restaurant,hist-sup-002,RESTAURANT,Bakery Items,28.48,kg,AMBIENT,34.8,MEDIUM,False,Friday,12,False,True
2025-12-12,Sunrise University Canteen,hist-sup-004,INSTITUTION,Cooked Meals,47.76,kg,REFRIGERATED,8.5,HIGH,False,Friday,12,False,True
2025-12-12,Harvest Organic Market,hist-sup-005,INSTITUTION,Fresh Produce,34.34,kg,AMBIENT,32.1,HIGH,False,Friday,12,False,True
2025-12-12,The Riverside Hotel,hist-sup-006,HOTEL,Cooked Meals,17.84,kg,REFRIGERATED,8.2,HIGH,False,Friday,12,False,True
2025-12-13,Grand Horizon Hotel,hist-sup-001,HOTEL,Cooked Meals,187.65,kg,REFRIGERATED,6.0,HIGH,False,Saturday,12,True,True
2025-12-13,Bistro Verde Restaurant,hist-sup-002,RESTAURANT,Cooked Meals,14.68,kg,REFRIGERATED,11.0,MEDIUM,False,Saturday,12,True,True
2025-12-13,Sunrise University Canteen,hist-sup-004,INSTITUTION,Fresh Produce,82.77,kg,AMBIENT,39.0,MEDIUM,False,Saturday,12,True,True
2025-12-13,Harvest Organic Market,hist-sup-005,INSTITUTION,Bakery Items,39.45,kg,AMBIENT,14.0,MEDIUM,False,Saturday,12,True,True
2025-12-13,The Riverside Hotel,hist-sup-006,HOTEL,Bakery Items,11.46,kg,AMBIENT,12.3,MEDIUM,False,Saturday,12,True,True
2025-12-14,Grand Horizon Hotel,hist-sup-001,HOTEL,Cooked Meals,107.13,kg,REFRIGERATED,7.4,MEDIUM,False,Sunday,12,True,True
2025-12-14,Bistro Verde Restaurant,hist-sup-002,RESTAURANT,Bakery Items,11.54,kg,AMBIENT,33.0,MEDIUM,False,Sunday,12,True,True
2025-12-14,Metropolitan Event Center,hist-sup-003,EVENT_VENUE,Food Surplus,127.95,kg,AMBIENT,35.1,MEDIUM,False,Sunday,12,True,True
2025-12-14,The Riverside Hotel,hist-sup-006,HOTEL,Cooked Meals,82.65,kg,REFRIGERATED,9.5,HIGH,False,Sunday,12,True,True
2025-12-15,Grand Horizon Hotel,hist-sup-001,HOTEL,Food Surplus,82.65,kg,AMBIENT,45.1,MEDIUM,True,Monday,12,False,True
2025-12-15,Bistro Verde Restaurant,hist-sup-002,RESTAURANT,Cooked Meals,27.62,kg,REFRIGERATED,7.8,MEDIUM,True,Monday,12,False,True
2025-12-15,Metropolitan Event Center,hist-sup-003,EVENT_VENUE,Cooked Meals,88.83,kg,REFRIGERATED,9.6,MEDIUM,True,Monday,12,False,True
2025-12-15,Sunrise University Canteen,hist-sup-004,INSTITUTION,Cooked Meals,93.04,kg,REFRIGERATED,4.5,HIGH,True,Monday,12,False,True
2025-12-15,Harvest Organic Market,hist-sup-005,INSTITUTION,Bakery Items,36.24,kg,AMBIENT,32.8,MEDIUM,True,Monday,12,False,True
2025-12-15,The Riverside Hotel,hist-sup-006,HOTEL,Food Surplus,207.27,kg,AMBIENT,30.4,MEDIUM,True,Monday,12,False,True
2025-12-16,Grand Horizon Hotel,hist-sup-001,HOTEL,Cooked Meals,39.29,kg,REFRIGERATED,5.0,HIGH,True,Tuesday,12,False,True
2025-12-16,Bistro Verde Restaurant,hist-sup-002,RESTAURANT,Bakery Items,23.39,kg,AMBIENT,26.2,LOW,True,Tuesday,12,False,True
2025-12-16,Sunrise University Canteen,hist-sup-004,INSTITUTION,Fresh Produce,56.67,kg,AMBIENT,68.6,MEDIUM,True,Tuesday,12,False,True
2025-12-16,Harvest Organic Market,hist-sup-005,INSTITUTION,Bakery Items,47.86,kg,AMBIENT,33.5,LOW,True,Tuesday,12,False,True
2025-12-16,The Riverside Hotel,hist-sup-006,HOTEL,Bakery Items,33.29,kg,AMBIENT,17.8,MEDIUM,True,Tuesday,12,False,True
2025-12-17,Grand Horizon Hotel,hist-sup-001,HOTEL,Food Surplus,136.84,kg,AMBIENT,20.7,LOW,True,Wednesday,12,False,True
2025-12-17,Bistro Verde Restaurant,hist-sup-002,RESTAURANT,Cooked Meals,107.55,kg,REFRIGERATED,10.7,HIGH,True,Wednesday,12,False,True
2025-12-17,Metropolitan Event Center,hist-sup-003,EVENT_VENUE,Cooked Meals,245.72,kg,REFRIGERATED,7.5,MEDIUM,True,Wednesday,12,False,True
2025-12-17,Sunrise University Canteen,hist-sup-004,INSTITUTION,Fresh Produce,159.01,kg,AMBIENT,53.6,HIGH,True,Wednesday,12,False,True
2025-12-17,Harvest Organic Market,hist-sup-005,INSTITUTION,Fresh Produce,77.2,kg,AMBIENT,59.9,LOW,True,Wednesday,12,False,True
2025-12-17,The Riverside Hotel,hist-sup-006,HOTEL,Food Surplus,49.92,kg,AMBIENT,44.6,MEDIUM,True,Wednesday,12,False,True
2025-12-18,Grand Horizon Hotel,hist-sup-001,HOTEL,Food Surplus,49.25,kg,AMBIENT,27.1,LOW,True,Thursday,12,False,True
2025-12-18,Bistro Verde Restaurant,hist-sup-002,RESTAURANT,Bakery Items,14.25,kg,AMBIENT,29.2,MEDIUM,True,Thursday,12,False,True
2025-12-18,Sunrise University Canteen,hist-sup-004,INSTITUTION,Cooked Meals,71.86,kg,REFRIGERATED,10.0,HIGH,True,Thursday,12,False,True
2025-12-18,Harvest Organic Market,hist-sup-005,INSTITUTION,Fresh Produce,105.83,kg,AMBIENT,64.8,LOW,True,Thursday,12,False,True
2025-12-18,The Riverside Hotel,hist-sup-006,HOTEL,Cooked Meals,24.03,kg,REFRIGERATED,4.5,MEDIUM,True,Thursday,12,False,True
2025-12-19,Grand Horizon Hotel,hist-sup-001,HOTEL,Cooked Meals,118.59,kg,REFRIGERATED,11.2,HIGH,True,Friday,12,False,True
2025-12-19,Bistro Verde Restaurant,hist-sup-002,RESTAURANT,Bakery Items,34.43,kg,AMBIENT,21.7,HIGH,True,Friday,12,False,True
2025-12-19,Sunrise University Canteen,hist-sup-004,INSTITUTION,Cooked Meals,75.71,kg,REFRIGERATED,5.6,HIGH,True,Friday,12,False,True
2025-12-19,Harvest Organic Market,hist-sup-005,INSTITUTION,Fresh Produce,68.68,kg,AMBIENT,29.7,MEDIUM,True,Friday,12,False,True
2025-12-19,The Riverside Hotel,hist-sup-006,HOTEL,Cooked Meals,94.72,kg,REFRIGERATED,9.8,MEDIUM,True,Friday,12,False,True
2025-12-20,Grand Horizon Hotel,hist-sup-001,HOTEL,Cooked Meals,224.79,kg,REFRIGERATED,5.7,HIGH,True,Saturday,12,True,True
2025-12-20,Bistro Verde Restaurant,hist-sup-002,RESTAURANT,Cooked Meals,66.68,kg,REFRIGERATED,10.0,HIGH,True,Saturday,12,True,True
2025-12-20,Metropolitan Event Center,hist-sup-003,EVENT_VENUE,Cooked Meals,332.49,kg,REFRIGERATED,5.1,HIGH,True,Saturday,12,True,True
2025-12-20,Sunrise University Canteen,hist-sup-004,INSTITUTION,Cooked Meals,65.48,kg,REFRIGERATED,7.5,LOW,True,Saturday,12,True,True
2025-12-20,Harvest Organic Market,hist-sup-005,INSTITUTION,Bakery Items,28.96,kg,AMBIENT,22.8,MEDIUM,True,Saturday,12,True,True
2025-12-20,The Riverside Hotel,hist-sup-006,HOTEL,Cooked Meals,222.4,kg,REFRIGERATED,12.0,MEDIUM,True,Saturday,12,True,True
2025-12-21,Grand Horizon Hotel,hist-sup-001,HOTEL,Food Surplus,107.7,kg,AMBIENT,28.2,HIGH,True,Sunday,12,True,True
2025-12-21,Bistro Verde Restaurant,hist-sup-002,RESTAURANT,Cooked Meals,69.17,kg,REFRIGERATED,11.4,MEDIUM,True,Sunday,12,True,True
2025-12-21,The Riverside Hotel,hist-sup-006,HOTEL,Food Surplus,118.15,kg,AMBIENT,9.4,HIGH,True,Sunday,12,True,True
2025-12-22,Grand Horizon Hotel,hist-sup-001,HOTEL,Cooked Meals,39.47,kg,REFRIGERATED,5.5,HIGH,True,Monday,12,False,True
2025-12-22,Bistro Verde Restaurant,hist-sup-002,RESTAURANT,Cooked Meals,89.07,kg,REFRIGERATED,8.9,HIGH,True,Monday,12,False,True
2025-12-22,Sunrise University Canteen,hist-sup-004,INSTITUTION,Fresh Produce,136.73,kg,AMBIENT,56.6,MEDIUM,True,Monday,12,False,True
2025-12-22,Harvest Organic Market,hist-sup-005,INSTITUTION,Fresh Produce,147.28,kg,AMBIENT,48.3,MEDIUM,True,Monday,12,False,True
2025-12-22,The Riverside Hotel,hist-sup-006,HOTEL,Food Surplus,52.88,kg,AMBIENT,43.5,HIGH,True,Monday,12,False,True
2025-12-23,Grand Horizon Hotel,hist-sup-001,HOTEL,Cooked Meals,171.37,kg,REFRIGERATED,5.1,HIGH,True,Tuesday,12,False,True
2025-12-23,Bistro Verde Restaurant,hist-sup-002,RESTAURANT,Cooked Meals,86.26,kg,REFRIGERATED,7.7,MEDIUM,True,Tuesday,12,False,True
2025-12-23,Metropolitan Event Center,hist-sup-003,EVENT_VENUE,Food Surplus,104.44,kg,AMBIENT,20.3,LOW,True,Tuesday,12,False,True
2025-12-23,Sunrise University Canteen,hist-sup-004,INSTITUTION,Fresh Produce,37.43,kg,AMBIENT,42.0,MEDIUM,True,Tuesday,12,False,True
2025-12-23,Harvest Organic Market,hist-sup-005,INSTITUTION,Bakery Items,22.05,kg,AMBIENT,17.1,MEDIUM,True,Tuesday,12,False,True
2025-12-23,The Riverside Hotel,hist-sup-006,HOTEL,Bakery Items,61.77,kg,AMBIENT,30.3,LOW,True,Tuesday,12,False,True
2025-12-24,Grand Horizon Hotel,hist-sup-001,HOTEL,Food Surplus,210.94,kg,AMBIENT,25.0,MEDIUM,True,Wednesday,12,False,True
2025-12-24,Bistro Verde Restaurant,hist-sup-002,RESTAURANT,Bakery Items,46.78,kg,AMBIENT,16.3,LOW,True,Wednesday,12,False,True
2025-12-24,Metropolitan Event Center,hist-sup-003,EVENT_VENUE,Food Surplus,406.02,kg,AMBIENT,44.6,MEDIUM,True,Wednesday,12,False,True
2025-12-24,Sunrise University Canteen,hist-sup-004,INSTITUTION,Cooked Meals,21.77,kg,REFRIGERATED,5.4,MEDIUM,True,Wednesday,12,False,True
2025-12-24,Harvest Organic Market,hist-sup-005,INSTITUTION,Bakery Items,9.49,kg,AMBIENT,22.1,LOW,True,Wednesday,12,False,True
2025-12-24,The Riverside Hotel,hist-sup-006,HOTEL,Cooked Meals,68.38,kg,REFRIGERATED,10.9,HIGH,True,Wednesday,12,False,True
2025-12-25,Grand Horizon Hotel,hist-sup-001,HOTEL,Food Surplus,54.97,kg,AMBIENT,35.5,LOW,True,Thursday,12,False,True
2025-12-25,Bistro Verde Restaurant,hist-sup-002,RESTAURANT,Bakery Items,15.57,kg,AMBIENT,14.8,HIGH,True,Thursday,12,False,True
2025-12-25,Sunrise University Canteen,hist-sup-004,INSTITUTION,Fresh Produce,170.6,kg,AMBIENT,70.6,LOW,True,Thursday,12,False,True
2025-12-25,Harvest Organic Market,hist-sup-005,INSTITUTION,Bakery Items,28.03,kg,AMBIENT,20.1,HIGH,True,Thursday,12,False,True
2025-12-25,The Riverside Hotel,hist-sup-006,HOTEL,Cooked Meals,80.24,kg,REFRIGERATED,11.0,MEDIUM,True,Thursday,12,False,True
2025-12-26,Grand Horizon Hotel,hist-sup-001,HOTEL,Cooked Meals,32.91,kg,REFRIGERATED,9.5,MEDIUM,True,Friday,12,False,True
2025-12-26,Bistro Verde Restaurant,hist-sup-002,RESTAURANT,Bakery Items,39.29,kg,AMBIENT,18.4,LOW,True,Friday,12,False,True
2025-12-26,Metropolitan Event Center,hist-sup-003,EVENT_VENUE,Cooked Meals,159.2,kg,REFRIGERATED,4.3,HIGH,True,Friday,12,False,True
2025-12-26,Sunrise University Canteen,hist-sup-004,INSTITUTION,Cooked Meals,61.74,kg,REFRIGERATED,5.2,HIGH,True,Friday,12,False,True
2025-12-26,Harvest Organic Market,hist-sup-005,INSTITUTION,Bakery Items,52.38,kg,AMBIENT,32.0,MEDIUM,True,Friday,12,False,True
2025-12-26,The Riverside Hotel,hist-sup-006,HOTEL,Bakery Items,14.47,kg,AMBIENT,12.9,HIGH,True,Friday,12,False,True
2025-12-27,Grand Horizon Hotel,hist-sup-001,HOTEL,Cooked Meals,168.8,kg,REFRIGERATED,10.0,MEDIUM,True,Saturday,12,True,True
2025-12-27,Bistro Verde Restaurant,hist-sup-002,RESTAURANT,Bakery Items,54.7,kg,AMBIENT,13.9,CRITICAL,True,Saturday,12,True,True
2025-12-27,Sunrise University Canteen,hist-sup-004,INSTITUTION,Fresh Produce,155.62,kg,AMBIENT,57.3,LOW,True,Saturday,12,True,True
2025-12-27,Harvest Organic Market,hist-sup-005,INSTITUTION,Fresh Produce,123.71,kg,AMBIENT,59.8,MEDIUM,True,Saturday,12,True,True
2025-12-27,The Riverside Hotel,hist-sup-006,HOTEL,Food Surplus,42.69,kg,AMBIENT,8.2,MEDIUM,True,Saturday,12,True,True
2025-12-28,Grand Horizon Hotel,hist-sup-001,HOTEL,Cooked Meals,101.88,kg,REFRIGERATED,10.3,HIGH,True,Sunday,12,True,True
2025-12-28,Bistro Verde Restaurant,hist-sup-002,RESTAURANT,Cooked Meals,19.01,kg,REFRIGERATED,9.7,HIGH,True,Sunday,12,True,True
2025-12-28,Metropolitan Event Center,hist-sup-003,EVENT_VENUE,Cooked Meals,361.48,kg,REFRIGERATED,8.5,MEDIUM,True,Sunday,12,True,True
2025-12-28,The Riverside Hotel,hist-sup-006,HOTEL,Food Surplus,136.64,kg,AMBIENT,24.1,MEDIUM,True,Sunday,12,True,True
2025-12-29,Grand Horizon Hotel,hist-sup-001,HOTEL,Cooked Meals,110.79,kg,REFRIGERATED,8.5,MEDIUM,False,Monday,12,False,True
2025-12-29,Bistro Verde Restaurant,hist-sup-002,RESTAURANT,Bakery Items,14.15,kg,AMBIENT,23.2,LOW,False,Monday,12,False,True
2025-12-29,Sunrise University Canteen,hist-sup-004,INSTITUTION,Fresh Produce,63.91,kg,AMBIENT,60.7,MEDIUM,False,Monday,12,False,True
2025-12-29,Harvest Organic Market,hist-sup-005,INSTITUTION,Bakery Items,34.99,kg,AMBIENT,21.1,HIGH,False,Monday,12,False,True
2025-12-29,The Riverside Hotel,hist-sup-006,HOTEL,Bakery Items,21.01,kg,AMBIENT,35.8,MEDIUM,False,Monday,12,False,True
2025-12-30,Grand Horizon Hotel,hist-sup-001,HOTEL,Cooked Meals,162.87,kg,REFRIGERATED,8.4,MEDIUM,False,Tuesday,12,False,True
2025-12-30,Bistro Verde Restaurant,hist-sup-002,RESTAURANT,Bakery Items,14.03,kg,AMBIENT,20.7,LOW,False,Tuesday,12,False,True
2025-12-30,Sunrise University Canteen,hist-sup-004,INSTITUTION,Fresh Produce,78.13,kg,AMBIENT,43.4,MEDIUM,False,Tuesday,12,False,True
2025-12-30,Harvest Organic Market,hist-sup-005,INSTITUTION,Bakery Items,10.44,kg,AMBIENT,33.0,MEDIUM,False,Tuesday,12,False,True
2025-12-30,The Riverside Hotel,hist-sup-006,HOTEL,Bakery Items,40.68,kg,AMBIENT,14.4,HIGH,False,Tuesday,12,False,True
2025-12-31,Grand Horizon Hotel,hist-sup-001,HOTEL,Food Surplus,73.12,kg,AMBIENT,33.5,MEDIUM,False,Wednesday,12,False,True
2025-12-31,Bistro Verde Restaurant,hist-sup-002,RESTAURANT,Cooked Meals,45.07,kg,REFRIGERATED,6.6,MEDIUM,False,Wednesday,12,False,True
2025-12-31,Sunrise University Canteen,hist-sup-004,INSTITUTION,Cooked Meals,61.0,kg,REFRIGERATED,4.2,HIGH,False,Wednesday,12,False,True
2025-12-31,Harvest Organic Market,hist-sup-005,INSTITUTION,Bakery Items,29.46,kg,AMBIENT,15.9,MEDIUM,False,Wednesday,12,False,True
2025-12-31,The Riverside Hotel,hist-sup-006,HOTEL,Cooked Meals,49.25,kg,REFRIGERATED,9.7,MEDIUM,False,Wednesday,12,False,True
